accident_date,accident_time,step,ad_state,acman_rec,acfem_rec,deadman_rec,deadfem_rec,cause_type
2021-09-30 14:33:33,14:33:33,เฉลิมมหานคร,ปกติ,0,0,0,0,ขับรถกระชั้นชิด
2021-09-30 14:02:02,14:02:02,บางพลี-สุขสวัสดิ์,ปกติ,0,0,0,0,เปลี่ยนช่องทางกระทันหัน
2021-09-30 12:00:00,12:00:00,ศรีรัช-วงแหวนรอบนอก,ปกติ,0,0,0,0,ยางแตก
2021-09-30 04:22:22,04:22:22,บางพลี-สุขสวัสดิ์,ปกติ,1,0,0,0,เปลี่ยนช่องทางกระทันหัน
2021-09-30 02:07:07,02:07:07,ฉลองรัช,ปกติ,0,0,0,0,ยางแตก
2021-09-29 13:39:39,13:39:39,ศรีรัช,ปกติ,0,0,0,0,ขับรถเร็วเกินไป
2021-09-29 11:01:01,11:01:01,บางพลี-สุขสวัสดิ์,ปกติ,0,0,0,0,เสียหลัก
2021-09-28 14:44:44,14:44:44,เฉลิมมหานคร,ปกติ,0,0,0,0,เปลี่ยนช่องทางกระทันหัน
2021-09-28 02:50:50,02:50:50,บูรพาวิถี,ปกติ,0,0,0,0,เบรคขัดข้อง
2021-09-28 02:31:31,02:31:31,บางพลี-สุขสวัสดิ์,ปกติ,0,0,1,0,หลับใน
2021-09-27 18:32:32,18:32:32,เฉลิมมหานคร,ปกติ,0,0,0,0,ขับรถกระชั้นชิด
2021-09-27 13:33:33,13:33:33,ฉลองรัช,ปกติ,0,0,0,0,เปลี่ยนช่องทางกระทันหัน
2021-09-27 11:50:50,11:50:50,ทางหลวงพิเศษหมายเลข 37,ปกติ,0,0,0,0,เปลี่ยนช่องทางกระทันหัน
2021-09-27 07:45:45,07:45:45,เฉลิมมหานคร,ปกติ,0,1,0,0,ขับรถในระยะกระชั้นชิด
2021-09-27 00:45:45,00:45:45,เฉลิมมหานคร,ปกติ,0,0,0,0,หลับใน
2021-09-26 21:53:53,21:53:53,เฉลิมมหานคร,ปกติ,0,0,0,0,เปลี่ยนช่องทางกระทันหัน
2021-09-25 21:00:00,21:00:00,บางพลี-สุขสวัสดิ์,ปกติ,0,0,0,0,หลับใน
2021-09-24 13:22:22,13:22:22,ฉลองรัช,ปกติ,0,0,0,0,ล้อล็อค
2021-09-24 10:04:04,10:04:04,บูรพาวิถี,ปกติ,0,1,0,0,ยางแตก
2021-09-24 03:11:11,03:11:11,บางพลี-สุขสวัสดิ์,ปกติ,0,2,0,0,ขับรถช้าลง
2021-09-24 01:36:36,01:36:36,เฉลิมมหานคร,ปกติ,0,0,0,0,บรรทุกเกิน/ของตกหล่น
2021-09-23 18:59:59,18:59:59,ฉลองรัช,ปกติ,0,0,0,0,เบลคกระทันหัน
2021-09-23 15:15:15,15:15:15,ฉลองรัช,ปกติ,0,1,0,0,ขึ้นเนินมองไม่เห็น
2021-09-22 22:05:05,22:05:05,บางพลี-สุขสวัสดิ์,ปกติ,0,0,0,0,เปลี่ยนช่องทางกระทันหัน
2021-09-22 14:50:50,14:50:50,บางพลี-สุขสวัสดิ์,ปกติ,1,1,0,0,ยางแตก
2021-09-22 11:42:42,11:42:42,ศรีรัช,ปกติ,0,0,0,0,เปลี่ยนช่องทางกระทันหัน
2021-09-21 09:56:56,09:56:56,ทางหลวงพิเศษหมายเลข 37,ปกติ,1,0,0,0,ขับรถเร็วเกินไป
2021-09-21 09:40:40,09:40:40,ฉลองรัช,ปกติ,0,1,0,0,ยางแตก
2021-09-20 22:25:25,22:25:25,ฉลองรัช,ปกติ,0,0,0,0,สภาพแวดล้อม
2021-09-20 10:26:26,10:26:26,ศรีรัช-วงแหวนรอบนอก,ปกติ,0,0,0,0,เปลี่ยนช่องทางกระทันหัน
2021-09-19 17:56:56,17:56:56,ฉลองรัช,ปกติ,0,1,0,0,สภาพแวดล้อม
2021-09-18 16:46:46,16:46:46,บูรพาวิถี,ปกติ,0,0,0,0,ยางหลังซ้ายแตก
2021-09-18 16:12:12,16:12:12,ทางหลวงพิเศษหมายเลข 37,ปกติ,1,0,0,0,เปลี่ยนช่องทางกระทันหัน
2021-09-18 14:37:37,14:37:37,บูรพาวิถี,ปกติ,0,0,0,0,เปลี่ยนช่องทางกระทันหัน
2021-09-18 14:13:13,14:13:13,บูรพาวิถี,ปกติ,0,0,0,0,ยางหลังแตก2ข้าง
2021-09-18 11:34:34,11:34:34,ฉลองรัช,ปกติ,1,0,0,0,สภาพแวดล้อม
2021-09-18 10:24:24,10:24:24,ศรีรัช,ปกติ,0,0,0,0,ยางแตก
2021-09-18 07:07:07,07:07:07,ศรีรัช,ปกติ,0,0,0,0,ขับรถเร็วเกินไป
2021-09-18 05:30:30,05:30:30,ศรีรัช,ปกติ,0,0,0,0,เปลี่ยนช่องทางกระทันหัน
2021-09-17 23:20:20,23:20:20,ฉลองรัช,ปกติ,0,0,0,0,ขับรถเร็วเกินไป
2021-09-17 20:23:23,20:23:23,เฉลิมมหานคร,ปกติ,0,0,0,0,หลับใน
2021-09-17 17:00:00,17:00:00,เฉลิมมหานคร,ปกติ,0,0,0,0,ขับรถกระชั้นชิด
2021-09-17 14:26:26,14:26:26,บูรพาวิถี,ปกติ,0,3,0,0,เปลี่ยนช่องทางกระทันหัน
2021-09-17 05:30:30,05:30:30,บางพลี-สุขสวัสดิ์,ปกติ,0,0,0,0,ฝ่าฝืนสัญญาณ/ป้ายจราจร
2021-09-16 19:26:26,19:26:26,บูรพาวิถี,ปกติ,0,0,0,0,เปลี่ยนช่องทางกระทันหัน
2021-09-16 16:35:35,16:35:35,บูรพาวิถี,ปกติ,0,0,0,0,ขับรถเร็วเกินไป
2021-09-16 14:23:23,14:23:23,ศรีรัช,ปกติ,0,0,0,0,เปลี่ยนช่องทางกระทันหัน
2021-09-16 13:03:03,13:03:03,บางพลี-สุขสวัสดิ์,ปกติ,0,0,0,0,เบรคไม่ทัน
2021-09-16 10:04:04,10:04:04,อุดรรัถยา,ปกติ,0,0,0,0,เปลี่ยนช่องทางกระทันหัน
2021-09-16 04:39:39,04:39:39,ทางหลวงพิเศษหมายเลข 37,ฝนตก,0,0,0,0,หลับใน
2021-09-14 15:23:23,15:23:23,บูรพาวิถี,ปกติ,0,0,0,0,เปลี่ยนช่องทางกระทันหัน
2021-09-13 20:01:01,20:01:01,เฉลิมมหานคร,ปกติ,0,0,0,0,เบรครถกระทันหัน
2021-09-13 07:58:58,07:58:58,ฉลองรัช,ปกติ,0,0,0,0,เปลี่ยนช่องทางกระทันหัน
2021-09-12 20:25:25,20:25:25,ทางหลวงพิเศษหมายเลข 37,ปกติ,1,1,0,0,เบรคขัดข้อง
2021-09-12 19:53:53,19:53:53,ฉลองรัช,ปกติ,0,0,0,0,ล้อหลุด
2021-09-11 18:34:34,18:34:34,ฉลองรัช,ปกติ,0,0,0,0,อุปกรณ์ล้อยางชำรุด
2021-09-11 15:25:25,15:25:25,ศรีรัช-วงแหวนรอบนอก,ปกติ,0,0,0,0,เปลี่ยนช่องทางกระทันหัน
2021-09-10 16:56:56,16:56:56,เฉลิมมหานคร,ปกติ,0,0,0,0,เบรคขัดข้อง
2021-09-10 09:41:41,09:41:41,เฉลิมมหานคร,ปกติ,0,0,0,0,ขับรถกระชั้นชิด
2021-09-09 05:25:25,05:25:25,บูรพาวิถี,ปกติ,0,0,0,0,ล้อหลุด
2021-09-08 20:47:47,20:47:47,ฉลองรัช,ปกติ,0,1,0,0,สภาพแวดล้อม
2021-09-08 17:24:24,17:24:24,บางพลี-สุขสวัสดิ์,ปกติ,0,0,0,0,ขับรถประมาท
2021-09-08 16:50:50,16:50:50,บางพลี-สุขสวัสดิ์,ฝนตก,0,0,0,0,ขับรถเร็วเกินไป
2021-09-07 17:36:36,17:36:36,เฉลิมมหานคร,ปกติ,0,0,0,0,ขับรถประมาท
2021-09-06 19:02:02,19:02:02,ศรีรัช,ปกติ,3,0,0,0,ขับรถเร็วเกินไป
2021-09-06 10:30:30,10:30:30,บูรพาวิถี,ปกติ,0,0,0,0,ขับรถเร็วเกินไป
2021-09-06 10:12:12,10:12:12,ทางหลวงพิเศษหมายเลข 37,ปกติ,0,0,0,0,เบรกไม่อยู่
2021-09-06 10:12:12,10:12:12,บางพลี-สุขสวัสดิ์,ปกติ,1,0,0,0,เปลี่ยนช่องทางกระทันหัน
2021-09-06 10:05:05,10:05:05,บูรพาวิถี,ปกติ,1,0,0,0,เปลี่ยนช่องทางกระทันหัน
2021-09-06 08:01:01,08:01:01,เฉลิมมหานคร,ปกติ,0,0,0,0,ขับรถระยะกระชั้นชิด
2021-09-05 16:47:47,16:47:47,บูรพาวิถี,ปกติ,0,0,0,0,เปลี่ยนช่องทางกระทันหัน
2021-09-05 13:20:20,13:20:20,บูรพาวิถี,ปกติ,0,0,0,0,ขับรถเร็วเกินไป
2021-09-05 12:33:33,12:33:33,ทางหลวงพิเศษหมายเลข 37,ปกติ,0,0,0,0,สภาพแวดล้อม
2021-09-05 09:19:19,09:19:19,ศรีรัช,ฝนตก,0,0,0,0,เปลี่ยนช่องทางกระทันหัน
2021-09-04 12:26:26,12:26:26,ศรีรัช,ปกติ,0,0,0,0,เปลี่ยนช่องทางกระทันหัน
2021-09-03 14:37:37,14:37:37,บางพลี-สุขสวัสดิ์,ปกติ,0,0,0,0,เบรคขัดข้อง
2021-09-03 11:06:06,11:06:06,บูรพาวิถี,ปกติ,0,0,0,0,สภาพแวดล้อม
2021-09-02 15:14:14,15:14:14,ศรีรัช,ปกติ,0,0,0,0,เปลี่ยนช่องทางกระทันหัน
2021-09-01 21:04:04,21:04:04,บางพลี-สุขสวัสดิ์,ฝนตก,0,0,0,0,เปลี่ยนช่องทางกระทันหัน
2021-09-01 12:18:18,12:18:18,บูรพาวิถี,ปกติ,0,0,0,0,ฝ่าฝืนสัญญาณ/ป้ายจราจร
2021-09-01 10:40:40,10:40:40,บางพลี-สุขสวัสดิ์,ปกติ,0,0,0,0,ขับรถเร็วเกินไป
2021-08-31 18:37:37,18:37:37,บูรพาวิถี,ปกติ,0,0,0,0,ยางแตก
2021-08-31 11:55:55,11:55:55,ฉลองรัช,ฝนตก,0,0,0,0,ขับรถเร็วเกินไป
2021-08-31 09:04:04,09:04:04,เฉลิมมหานคร,ปกติ,0,0,0,0,หลับใน
2021-08-31 08:50:50,08:50:50,บูรพาวิถี,ปกติ,0,0,0,0,ขับรถเร็วเกินไป
2021-08-30 19:10:10,19:10:10,ฉลองรัช,ปกติ,1,0,0,0,ยางแตก
2021-08-29 12:12:12,12:12:12,ศรีรัช,ปกติ,0,0,0,0,ฝ่าฝืนสัญญาณ/ป้ายจราจร
2021-08-29 08:30:30,08:30:30,ศรีรัช,ถนนเปียก,0,0,0,0,ขับรถเร็วเกินไป
2021-08-29 07:36:36,07:36:36,ศรีรัช,ถนนเปียก,0,0,0,0,เปลี่ยนช่องทางกระทันหัน
2021-08-28 20:22:22,20:22:22,ศรีรัช-วงแหวนรอบนอก,ปกติ,0,0,0,0,ขับรถเร็วเกินไป
2021-08-27 17:25:25,17:25:25,บางพลี-สุขสวัสดิ์,ปกติ,0,0,0,0,บรรทุกเกิน/ของตกหล่น
2021-08-26 20:29:29,20:29:29,เฉลิมมหานคร,ฝนตก,1,0,0,0,ถนนเปียกลื่น
2021-08-26 05:02:02,05:02:02,เฉลิมมหานคร,ปกติ,0,0,0,0,บรรทุกเกิน/ของตกหล่น
2021-08-25 21:08:08,21:08:08,ศรีรัช,ปกติ,0,0,0,0,สภาพแวดล้อม
2021-08-25 19:03:03,19:03:03,อุดรรัถยา,ฝนตก,0,0,0,0,ขับรถเร็วเกินไป
2021-08-24 20:40:40,20:40:40,ศรีรัช,ปกติ,0,0,0,0,เปลี่ยนช่องทางกระทันหัน
2021-08-23 11:23:23,11:23:23,เฉลิมมหานคร,ปกติ,0,0,0,0,ขับรถเร็วเกินไป
2021-08-22 14:54:54,14:54:54,ศรีรัช,ปกติ,2,0,1,0,เปลี่ยนช่องทางกระทันหัน
2021-08-22 09:00:00,09:00:00,บูรพาวิถี,ฝนตก,2,1,0,0,ขับรถเร็วเกินไป
2021-08-21 21:19:19,21:19:19,บูรพาวิถี,ปกติ,0,0,0,0,บรรทุกเกิน/ของตกหล่น
2021-08-21 11:58:58,11:58:58,เฉลิมมหานคร,ปกติ,0,0,0,0,ยางแตก
2021-08-21 06:33:33,06:33:33,เฉลิมมหานคร,ฝนตก,0,0,0,0,ขับรถเร็วเกินไป
2021-08-20 19:50:50,19:50:50,ทางหลวงพิเศษหมายเลข 37,ปกติ,0,0,0,0,เปลี่ยนช่องทางกระทันหัน
2021-08-19 16:14:14,16:14:14,อุดรรัถยา,ปกติ,0,0,0,0,เปลี่ยนช่องทางกระทันหัน
2021-08-18 19:15:15,19:15:15,เฉลิมมหานคร,ปกติ,0,0,0,0,โรคประจำตัว
2021-08-18 14:53:53,14:53:53,บางพลี-สุขสวัสดิ์,ปกติ,2,0,0,0,เบรคขัดข้อง
2021-08-17 02:45:45,02:45:45,บูรพาวิถี,ปกติ,0,0,0,0,ยางแตก
2021-08-16 10:56:56,10:56:56,ฉลองรัช,ปกติ,1,0,0,0,เบรครถกระทันหัน
2021-08-16 06:51:51,06:51:51,บูรพาวิถี,ปกติ,0,0,0,0,เข้าช่องทางผิด
2021-08-15 18:21:21,18:21:21,ฉลองรัช,ปกติ,1,1,0,0,ขับรถเร็วเกินไป
2021-08-14 12:25:25,12:25:25,ฉลองรัช,ปกติ,0,1,0,0,ขับรถเร็วเกินไป
2021-08-14 04:13:13,04:13:13,ศรีรัช,ปกติ,0,0,0,0,เปลี่ยนช่องทางกระทันหัน
2021-08-13 12:25:25,12:25:25,ศรีรัช,ปกติ,0,0,0,0,เปลี่ยนช่องทางกระทันหัน
2021-08-12 10:02:02,10:02:02,บางพลี-สุขสวัสดิ์,ปกติ,1,0,0,0,หลับใน
2021-08-12 06:15:15,06:15:15,ทางหลวงพิเศษหมายเลข 37,ปกติ,0,0,0,0,ล้อหลุด
2021-08-10 13:05:05,13:05:05,ศรีรัช,ปกติ,0,0,0,0,เปลี่ยนช่องทางกระทันหัน
2021-08-10 10:25:25,10:25:25,เฉลิมมหานคร,ปกติ,0,0,0,0,เปลี่ยนช่องทางกระทันหัน
2021-08-10 07:55:55,07:55:55,ทางหลวงพิเศษหมายเลข 37,ปกติ,1,0,0,0,หลับใน
2021-08-09 07:19:19,07:19:19,บูรพาวิถี,ปกติ,0,0,0,0,เปลี่ยนช่องทางกระทันหัน
2021-08-09 04:20:20,04:20:20,ศรีรัช,ปกติ,0,0,0,0,เปลี่ยนช่องทางกระทันหัน
2021-08-07 10:01:01,10:01:01,บางพลี-สุขสวัสดิ์,ปกติ,0,0,0,0,ล้อหลุด
2021-08-06 10:57:57,10:57:57,บางพลี-สุขสวัสดิ์,ปกติ,0,0,0,0,เบรคขัดข้อง
2021-08-05 20:58:58,20:58:58,บูรพาวิถี,ปกติ,0,0,0,0,ขับรถเร็วเกินไป
2021-08-04 17:21:21,17:21:21,ทางหลวงพิเศษหมายเลข 37,ปกติ,1,0,0,0,เปลี่ยนช่องทางกระทันหัน
2021-08-04 14:44:44,14:44:44,บูรพาวิถี,ปกติ,0,0,0,0,ขับรถเร็วเกินไป
2021-08-02 16:02:02,16:02:02,ศรีรัช-วงแหวนรอบนอก,ฝนตก,0,0,0,0,ขับรถเร็วเกินไป
2021-07-31 19:29:29,19:29:29,บางพลี-สุขสวัสดิ์,ปกติ,0,0,0,0,ระบบไฟฟ้าขัดข้อง
2021-07-30 21:40:40,21:40:40,เฉลิมมหานคร,ปกติ,0,0,0,0,บรรทุกเกิน/ของตกหล่น
2021-07-30 18:15:15,18:15:15,ฉลองรัช,ฝนตก,0,0,0,0,ยางแตก
2021-07-30 13:14:14,13:14:14,อุดรรัถยา,ปกติ,0,1,0,0,ยางแตก
2021-07-30 08:05:05,08:05:05,บางพลี-สุขสวัสดิ์,ปกติ,0,0,0,0,ยางแตก
2021-07-30 07:08:08,07:08:08,อุดรรัถยา,ปกติ,0,0,0,0,น๊อตล้อหลังขวาขาด
2021-07-30 06:29:29,06:29:29,บูรพาวิถี,ปกติ,0,0,0,0,ขับรถเร็วเกินไป
2021-07-29 02:53:53,02:53:53,เฉลิมมหานคร,ปกติ,0,0,1,0,หลับใน
2021-07-28 17:14:14,17:14:14,ฉลองรัช,ปกติ,1,0,0,0,ลงมาเก็บสิ่งของตกหล่นเลนขวา
2021-07-28 15:12:12,15:12:12,ทางหลวงพิเศษหมายเลข 37,ปกติ,0,0,0,0,ขับรถช้าลง
2021-07-28 14:30:30,14:30:30,เฉลิมมหานคร,ฝนตก,0,0,0,0,เปลี่ยนช่องทางกระทันหัน
2021-07-27 17:21:21,17:21:21,บางพลี-สุขสวัสดิ์,ปกติ,0,0,0,0,เบรคขัดข้อง
2021-07-26 20:23:23,20:23:23,ฉลองรัช,ปกติ,1,1,0,0,เบรคขัดข้อง
2021-07-25 18:04:04,18:04:04,บูรพาวิถี,ปกติ,0,1,0,0,ขับรถเร็วเกินไป
2021-07-25 17:56:56,17:56:56,ศรีรัช,ฝนตก,0,0,0,0,ขับรถเร็วเกินไป
2021-07-25 14:11:11,14:11:11,ศรีรัช-วงแหวนรอบนอก,ฝนตก,0,0,0,0,ขับรถเร็วเกินไป
2021-07-23 21:52:52,21:52:52,บูรพาวิถี,ปกติ,0,0,0,0,ขับรถเร็วเกินไป
2021-07-23 20:31:31,20:31:31,ศรีรัช,ปกติ,0,0,0,0,เปลี่ยนช่องทางกระทันหัน
2021-07-21 21:00:00,21:00:00,ทางหลวงพิเศษหมายเลข 37,ปกติ,1,0,0,0,ขับรถเร็วเกินไป
2021-07-20 13:19:19,13:19:19,ทางหลวงพิเศษหมายเลข 37,ปกติ,0,0,0,0,เบรคขัดข้อง
2021-07-20 07:31:31,07:31:31,ศรีรัช,ฝนตก,0,0,0,0,สภาพแวดล้อม
2021-07-19 20:34:34,20:34:34,ศรีรัช,ปกติ,1,0,0,0,หลับใน
2021-07-17 18:01:01,18:01:01,อุดรรัถยา,ปกติ,0,0,0,0,เปลี่ยนช่องทางกระทันหัน
2021-07-17 14:10:10,14:10:10,ศรีรัช,ปกติ,0,0,0,0,เปลี่ยนช่องทางกระทันหัน
2021-07-17 07:25:25,07:25:25,ทางหลวงพิเศษหมายเลข 37,ปกติ,0,0,0,0,ยางแตก
2021-07-16 13:12:12,13:12:12,ศรีรัช,ปกติ,0,0,0,0,ยางแตก
2021-07-15 21:27:27,21:27:27,บางพลี-สุขสวัสดิ์,ปกติ,0,0,0,0,ขับรถเร็วเกินไป
2021-07-15 17:24:24,17:24:24,เฉลิมมหานคร,ปกติ,0,0,0,0,เปลี่ยนช่องทางกระทันหัน
2021-07-15 17:11:11,17:11:11,บูรพาวิถี,ปกติ,0,0,0,0,ยางหลังซ้ายแตก
2021-07-14 16:14:14,16:14:14,บางพลี-สุขสวัสดิ์,ปกติ,0,0,0,0,ฝ่าฝืนสัญญาณ/ป้ายจราจร
2021-07-14 12:20:20,12:20:20,ฉลองรัช,ฝนตก,0,0,0,0,ขับรถเร็วเกินไป
2021-07-14 08:50:50,08:50:50,ศรีรัช-วงแหวนรอบนอก,ฝนตก,0,1,0,0,ขับรถเร็วเกินไป
2021-07-13 18:20:20,18:20:20,บูรพาวิถี,ปกติ,0,0,0,0,กระบะบรรทุกสูง
2021-07-13 18:14:14,18:14:14,ศรีรัช-วงแหวนรอบนอก,ฝนตก,0,0,0,0,เปลี่ยนช่องทางกระทันหัน
2021-07-13 15:56:56,15:56:56,เฉลิมมหานคร,ปกติ,1,0,0,0,เปลี่ยนช่องทางกระทันหัน
2021-07-11 13:51:51,13:51:51,เฉลิมมหานคร,ปกติ,0,0,0,0,เปลี่ยนช่องทางกระทันหัน
2021-07-11 09:25:25,09:25:25,ฉลองรัช,ปกติ,0,0,0,0,ขับรถเร็วเกินไป
2021-07-11 00:41:41,00:41:41,อุดรรัถยา,ฝนตก,0,0,0,0,เปลี่ยนช่องทางกระทันหัน
2021-07-10 22:56:56,22:56:56,ศรีรัช,ฝนตก,0,0,0,0,เปลี่ยนช่องทางกระทันหัน
2021-07-09 14:40:40,14:40:40,อุดรรัถยา,ปกติ,0,0,0,0,ขับรถช้าลง
2021-07-09 09:48:48,09:48:48,ศรีรัช,ปกติ,0,0,0,0,เปลี่ยนช่องทางกระทันหัน
2021-07-09 00:26:26,00:26:26,เฉลิมมหานคร,ปกติ,0,1,0,0,หลับใน
2021-07-08 14:00:00,14:00:00,เฉลิมมหานคร,ปกติ,0,0,0,0,ไม่ดึงเบรคมือทำให้รถไหลตกท่อ
2021-07-08 06:00:00,06:00:00,บางพลี-สุขสวัสดิ์,ปกติ,0,0,0,0,เปลี่ยนช่องทางกระทันหัน
2021-07-07 07:00:00,07:00:00,บูรพาวิถี,ปกติ,1,0,0,0,เปลี่ยนช่องทางกระทันหัน
2021-07-06 10:30:30,10:30:30,บูรพาวิถี,ปกติ,1,0,0,0,ขับรถเร็วเกินไป
2021-07-05 18:46:46,18:46:46,บูรพาวิถี,ปกติ,0,0,0,0,เปลี่ยนช่องทางกระทันหัน
2021-07-05 16:10:10,16:10:10,ฉลองรัช,ปกติ,1,0,0,0,ขับรถเร็วเกินไป
2021-07-03 09:21:21,09:21:21,บูรพาวิถี,ปกติ,0,0,0,0,ขับรถเร็วเกินไป
2021-07-03 02:19:19,02:19:19,บางพลี-สุขสวัสดิ์,ปกติ,0,0,0,0,มึนเมา
2021-06-29 14:27:27,14:27:27,ศรีรัช,ปกติ,1,1,0,0,เปลี่ยนช่องทางกระทันหัน
2021-06-29 12:46:46,12:46:46,ศรีรัช,ปกติ,0,0,0,0,เปลี่ยนช่องทางกระทันหัน
2021-06-29 03:47:47,03:47:47,ศรีรัช,ปกติ,0,0,0,0,เปลี่ยนช่องทางกระทันหัน
2021-06-28 21:50:50,21:50:50,เฉลิมมหานคร,ปกติ,0,0,0,0,เปลี่ยนช่องทางกระทันหัน
2021-06-28 16:08:08,16:08:08,บางพลี-สุขสวัสดิ์,ปกติ,0,0,0,0,ขับรถเร็วเกินไป
2021-06-28 05:11:11,05:11:11,ฉลองรัช,ปกติ,0,0,0,0,เปลี่ยนช่องทางกระทันหัน
2021-06-27 22:44:44,22:44:44,บูรพาวิถี,ปกติ,1,0,0,0,ขับรถเร็วเกินไป
2021-06-27 20:23:23,20:23:23,ศรีรัช-วงแหวนรอบนอก,ปกติ,1,0,0,0,เปลี่ยนช่องทางกระทันหัน
2021-06-26 10:40:40,10:40:40,เฉลิมมหานคร,ปกติ,2,1,0,0,เปลี่ยนช่องทางกระทันหัน
2021-06-26 09:45:45,09:45:45,บางพลี-สุขสวัสดิ์,ปกติ,0,0,0,0,ฝ่าฝืนสัญญาณ/ป้ายจราจร
2021-06-25 20:20:20,20:20:20,เฉลิมมหานคร,ปกติ,1,0,0,0,ขับย้อนศร
2021-06-22 17:19:19,17:19:19,บูรพาวิถี,ปกติ,0,0,0,0,ขับรถโดยประมาท
2021-06-22 16:24:24,16:24:24,บูรพาวิถี,ปกติ,0,0,0,0,ขับรถเร็วเกินไป
2021-06-22 10:20:20,10:20:20,เฉลิมมหานคร,ปกติ,0,0,0,0,บรรทุกยื่นล้ำ
2021-06-21 11:46:46,11:46:46,ศรีรัช,ปกติ,1,0,0,0,เปลี่ยนช่องทางกระทันหัน
2021-06-21 10:15:15,10:15:15,ฉลองรัช,ปกติ,0,0,0,0,สภาพแวดล้อม
2021-06-21 06:39:39,06:39:39,ทางหลวงพิเศษหมายเลข 37,ปกติ,0,0,0,0,บรรทุกกว้างยื่นล้ำ
2021-06-20 15:52:52,15:52:52,บางพลี-สุขสวัสดิ์,ปกติ,0,0,0,0,ขับรถเร็วเกินไป
2021-06-19 13:43:43,13:43:43,ศรีรัช,ปกติ,1,0,0,0,เปลี่ยนช่องทางกระทันหัน
2021-06-19 00:18:18,00:18:18,ศรีรัช,ปกติ,0,0,0,0,เปลี่ยนช่องทางกระทันหัน
2021-06-18 14:56:56,14:56:56,อุดรรัถยา,ปกติ,0,0,0,0,เปลี่ยนช่องทางกระทันหัน
2021-06-17 10:34:34,10:34:34,ฉลองรัช,ปกติ,0,0,0,0,เปลี่ยนช่องทางกระทันหัน
2021-06-15 21:08:08,21:08:08,บูรพาวิถี,ปกติ,0,0,0,0,ขับรถโดยประมาท
2021-06-15 17:28:28,17:28:28,ศรีรัช,ปกติ,0,0,0,0,เปลี่ยนช่องทางกระทันหัน
2021-06-15 06:00:00,06:00:00,บางพลี-สุขสวัสดิ์,ปกติ,0,0,0,0,เปลี่ยนช่องทางกระทันหัน
2021-06-14 06:58:58,06:58:58,บูรพาวิถี,ปกติ,0,0,0,0,ขับรถเร็วเกินไป
2021-06-11 08:39:39,08:39:39,เฉลิมมหานคร,ปกติ,0,0,0,0,เบรคขัดข้อง
2021-06-10 14:32:32,14:32:32,บูรพาวิถี,ปกติ,0,1,0,0,ขับรถเร็วเกินไป
2021-06-08 21:39:39,21:39:39,บูรพาวิถี,ปกติ,0,0,0,0,ขับรถเร็วเกินไป
2021-06-08 07:50:50,07:50:50,บางพลี-สุขสวัสดิ์,ปกติ,0,0,0,0,เบรคขัดข้อง
2021-06-05 22:23:23,22:23:23,ศรีรัช,ปกติ,1,0,0,0,หลับใน
2021-06-03 17:47:47,17:47:47,ศรีรัช,ปกติ,0,0,0,0,ช่วงล่างชำรุด
2021-06-03 11:59:59,11:59:59,อุดรรัถยา,ปกติ,1,0,0,0,ยางแตก
2021-06-03 00:30:30,00:30:30,ฉลองรัช,ปกติ,2,1,0,0,สภาพแวดล้อม
2021-06-02 07:15:15,07:15:15,บูรพาวิถี,ปกติ,0,1,0,0,เปลี่ยนช่องทางกระทันหัน
2021-06-02 01:24:24,01:24:24,อุดรรัถยา,ปกติ,0,0,0,0,เปลี่ยนช่องทางกระทันหัน
2021-06-01 20:52:52,20:52:52,ศรีรัช,ปกติ,0,0,0,0,เปลี่ยนช่องทางกระทันหัน
2021-06-01 20:50:50,20:50:50,ศรีรัช,ปกติ,0,0,0,0,เปลี่ยนช่องทางกระทันหัน
2021-06-01 19:10:10,19:10:10,ศรีรัช,ปกติ,0,0,0,0,เปลี่ยนช่องทางกระทันหัน
2021-06-01 03:51:51,03:51:51,ทางหลวงพิเศษหมายเลข 37,ปกติ,2,0,0,0,ขับรถเร็วเกินไป
2021-05-31 08:49:49,08:49:49,บางพลี-สุขสวัสดิ์,ปกติ,0,0,0,0,ขับรถเร็วเกินไป
2021-05-31 07:46:46,07:46:46,บางพลี-สุขสวัสดิ์,ปกติ,0,0,0,0,ฝ่าฝืนสัญญาณ/ป้ายจราจร
2021-05-31 01:01:01,01:01:01,ทางหลวงพิเศษหมายเลข 37,ปกติ,1,1,0,0,หลับใน
2021-05-30 23:57:57,23:57:57,บูรพาวิถี,ฝนตก,0,1,0,1,หลับใน
2021-05-29 21:00:00,21:00:00,ศรีรัช,ฝนตก,0,0,0,0,เปลี่ยนช่องทางกระทันหัน
2021-05-29 20:47:47,20:47:47,ทางหลวงพิเศษหมายเลข 37,ฝนตก,0,0,0,0,ขับรถเร็วเกินไป
2021-05-29 15:40:40,15:40:40,ศรีรัช,ปกติ,0,1,0,0,เปลี่ยนช่องทางกระทันหัน
2021-05-29 15:30:30,15:30:30,ฉลองรัช,ปกติ,1,1,0,0,เปลี่ยนช่องทางกระทันหัน
2021-05-29 03:32:32,03:32:32,เฉลิมมหานคร,ปกติ,0,0,0,0,ขับรถเร็วเกินไป
2021-05-29 02:02:02,02:02:02,ฉลองรัช,ฝนตก,0,0,0,0,ขับรถเร็วเกินไป
2021-05-29 01:30:30,01:30:30,เฉลิมมหานคร,ฝนตก,1,0,0,0,ขับรถเร็วเกินไป
2021-05-29 00:39:39,00:39:39,ทางหลวงพิเศษหมายเลข 37,ฝนตก,0,0,0,0,สภาพแวดล้อม
2021-05-29 00:01:01,00:01:01,บางพลี-สุขสวัสดิ์,ฝนตก,1,0,0,0,เปลี่ยนช่องทางกระทันหัน
2021-05-28 17:40:40,17:40:40,ศรีรัช,ปกติ,0,0,0,0,เปลี่ยนช่องทางกระทันหัน
2021-05-27 22:44:44,22:44:44,เฉลิมมหานคร,ถนนเปียกลื่น,1,0,0,0,ขับรถเร็วเกินไป
2021-05-27 14:08:08,14:08:08,บางพลี-สุขสวัสดิ์,ปกติ,0,0,0,0,เสียหลัก
2021-05-27 12:18:18,12:18:18,ฉลองรัช,ปกติ,1,0,0,0,เปลี่ยนช่องทางกระทันหัน
2021-05-27 03:35:35,03:35:35,บูรพาวิถี,ปกติ,0,0,0,0,ยางแตก
2021-05-25 14:49:49,14:49:49,อุดรรัถยา,ปกติ,0,0,0,0,ขับรถเร็วเกินไป
2021-05-25 13:18:18,13:18:18,ทางหลวงพิเศษหมายเลข 37,ปกติ,3,0,0,0,หลับใน
2021-05-25 10:40:40,10:40:40,บูรพาวิถี,ปกติ,0,0,0,0,ยางแตก
2021-05-25 06:54:54,06:54:54,อุดรรัถยา,ปกติ,0,0,0,0,หลงทาง
2021-05-24 20:50:50,20:50:50,บูรพาวิถี,ปกติ,0,0,0,0,เปลี่ยนช่องทางกระทันหัน
2021-05-23 12:05:05,12:05:05,เฉลิมมหานคร,ปกติ,0,0,0,0,เบรกกะทันหัน
2021-05-22 23:36:36,23:36:36,ศรีรัช,ปกติ,0,0,1,0,ฝ่าฝืนสัญญาณ/ป้ายจราจร
2021-05-22 19:13:13,19:13:13,บางพลี-สุขสวัสดิ์,ปกติ,0,0,0,0,ขับรถเร็วเกินไป
2021-05-22 00:39:39,00:39:39,บางพลี-สุขสวัสดิ์,ปกติ,2,0,0,0,หลับใน
2021-05-21 19:50:50,19:50:50,ศรีรัช,ปกติ,0,0,0,0,ยางแตก
2021-05-21 18:04:04,18:04:04,ทางหลวงพิเศษหมายเลข 37,ปกติ,0,0,0,0,ขับรถเร็วเกินไป
2021-05-21 15:07:07,15:07:07,ทางหลวงพิเศษหมายเลข 37,ปกติ,0,0,0,0,เปลี่ยนช่องทางกระทันหัน
2021-05-21 10:14:14,10:14:14,ทางหลวงพิเศษหมายเลข 37,ปกติ,0,0,0,0,เปลี่ยนช่องทางกระทันหัน
2021-05-21 07:52:52,07:52:52,ทางหลวงพิเศษหมายเลข 37,ปกติ,2,0,0,0,เปลี่ยนช่องทางกระทันหัน
2021-05-21 01:30:30,01:30:30,อุดรรัถยา,ปกติ,1,0,0,0,ก้มเก็บของ
2021-05-20 16:18:18,16:18:18,ศรีรัช,ปกติ,1,0,0,0,ขับรถเร็วเกินไป
2021-05-20 09:00:00,09:00:00,บางพลี-สุขสวัสดิ์,ปกติ,0,0,0,0,ขับนถกระชั้นชิด
2021-05-19 22:44:44,22:44:44,เฉลิมมหานคร,ฝนตก,0,0,0,0,ขับรถเร็วเกินไป
2021-05-19 14:58:58,14:58:58,ศรีรัช-วงแหวนรอบนอก,ปกติ,0,0,0,0,ขับรถเร็วเกินไป
2021-05-19 09:10:10,09:10:10,ฉลองรัช,ปกติ,1,0,0,0,เปลี่ยนช่องทางกระทันหัน
2021-05-18 02:39:39,02:39:39,เฉลิมมหานคร,ปกติ,0,0,0,0,เปลี่ยนช่องทางกระทันหัน
2021-05-16 06:06:06,06:06:06,ศรีรัช,ปกติ,0,0,0,0,เปลี่ยนช่องทางกระทันหัน
2021-05-15 13:20:20,13:20:20,ฉลองรัช,ฝนตก,0,0,0,0,ขับรถเร็วเกินไป
2021-05-15 13:00:00,13:00:00,ศรีรัช,ปกติ,0,0,0,0,เปลี่ยนช่องทางกระทันหัน
2021-05-15 05:25:25,05:25:25,ศรีรัช,ปกติ,0,0,0,0,เปลี่ยนช่องทางกระทันหัน
2021-05-14 12:33:33,12:33:33,เฉลิมมหานคร,ปกติ,1,1,0,0,ขับรถเร็วเกินไป
2021-05-13 22:29:29,22:29:29,บางพลี-สุขสวัสดิ์,ปกติ,1,0,0,0,หลับใน
2021-05-13 20:23:23,20:23:23,บูรพาวิถี,ปกติ,1,0,0,0,ขับรถเร็วเกินไป
2021-05-13 13:24:24,13:24:24,เฉลิมมหานคร,ปกติ,1,0,0,0,ยางแตก
2021-05-12 17:06:06,17:06:06,ทางหลวงพิเศษหมายเลข 37,ปกติ,0,0,0,0,เปลี่ยนช่องทางกระทันหัน
2021-05-12 17:05:05,17:05:05,ทางหลวงพิเศษหมายเลข 37,ปกติ,0,0,0,0,ประมาท
2021-05-12 10:50:50,10:50:50,บูรพาวิถี,ปกติ,0,0,0,0,เปลี่ยนช่องทางกระทันหัน
2021-05-11 17:13:13,17:13:13,ศรีรัช,ปกติ,0,0,0,0,ล้อหลังขวาหลุด
2021-05-11 08:44:44,08:44:44,บูรพาวิถี,ปกติ,0,0,0,0,ขับรถเร็วเกินไป
2021-05-11 03:40:40,03:40:40,ฉลองรัช,ปกติ,0,1,0,0,เปลี่ยนช่องทางกระทันหัน
2021-05-10 15:46:46,15:46:46,ศรีรัช,ปกติ,0,0,0,0,เปลี่ยนช่องทางกระทันหัน
2021-05-10 14:20:20,14:20:20,บูรพาวิถี,ปกติ,0,0,0,0,ขับรถโดยประมาท
2021-05-10 10:57:57,10:57:57,บูรพาวิถี,ปกติ,0,0,0,0,ขับรถเร็วเกินไป
2021-05-08 05:21:21,05:21:21,ศรีรัช,ปกติ,1,0,0,0,เปลี่ยนช่องทางกระทันหัน
2021-05-07 08:08:08,08:08:08,S1,ฝนตก,0,0,0,0,สภาพแวดล้อม
2021-05-06 19:10:10,19:10:10,บูรพาวิถี,ปกติ,1,0,0,0,ประมาท
2021-05-05 15:00:00,15:00:00,บูรพาวิถี,ปกติ,0,0,0,0,ขับรถเร็วเกินไป
2021-05-04 14:47:47,14:47:47,ศรีรัช,ปกติ,1,0,0,0,เปลี่ยนช่องทางกระทันหัน
2021-05-04 07:25:25,07:25:25,เฉลิมมหานคร,ปกติ,0,1,0,0,เปลี่ยนช่องทางกระทันหัน
2021-05-03 16:08:08,16:08:08,ศรีรัช,ปกติ,0,1,0,0,ก้มเก็บของ
2021-05-03 13:06:06,13:06:06,ศรีรัช,ปกติ,0,0,0,0,ก้มเก็บของ
2021-05-02 15:19:19,15:19:19,ฉลองรัช,ปกติ,0,0,0,0,ถูกรถร่วมทางเบียด
2021-05-01 13:18:18,13:18:18,ศรีรัช,ปกติ,0,0,0,0,ฝ่าฝืนสัญญาณ/ป้ายจราจร
2021-05-01 10:20:20,10:20:20,เฉลิมมหานคร,ปกติ,0,0,0,0,บรรทุกสูงเกิน
2021-05-01 09:38:38,09:38:38,ฉลองรัช,ฝนตก,0,1,0,0,ถนนเปียกลื่น
2021-04-30 18:31:31,18:31:31,บางพลี-สุขสวัสดิ์,ปกติ,0,0,0,0,เบรคขัดข้อง
2021-04-30 04:16:16,04:16:16,บางพลี-สุขสวัสดิ์,ปกติ,0,1,0,0,หลับใน
2021-04-29 20:31:31,20:31:31,ทางหลวงพิเศษหมายเลข 37,ปกติ,0,0,0,0,เปลี่ยนช่องทางกระทันหัน
2021-04-29 20:12:12,20:12:12,เฉลิมมหานคร,ปกติ,0,0,0,0,หลับใน
2021-04-29 16:05:05,16:05:05,ศรีรัช,ปกติ,0,0,0,0,เปลี่ยนช่องทางกระทันหัน
2021-04-29 13:35:35,13:35:35,ศรีรัช,ปกติ,0,1,0,0,หลับใน
2021-04-29 08:05:05,08:05:05,อุดรรัถยา,ปกติ,1,0,0,0,เปลี่ยนช่องทางกระทันหัน
2021-04-29 04:48:48,04:48:48,ศรีรัช,ปกติ,0,1,0,0,หลับใน
2021-04-28 23:56:56,23:56:56,ศรีรัช,ปกติ,0,0,0,0,หลับใน
2021-04-28 17:07:07,17:07:07,ศรีรัช,ปกติ,1,2,0,0,เปลี่ยนช่องทางกระทันหัน
2021-04-28 08:41:41,08:41:41,บูรพาวิถี,ปกติ,0,0,0,0,ประมาท
2021-04-27 20:43:43,20:43:43,ศรีรัช,ปกติ,0,0,0,0,หลับใน
2021-04-27 18:35:35,18:35:35,บูรพาวิถี,ปกติ,0,0,0,0,ขับรถเร็วเกินไป
2021-04-27 14:45:45,14:45:45,ศรีรัช,ฝนตก,0,0,0,0,เปลี่ยนช่องทางกระทันหัน
2021-04-27 13:18:18,13:18:18,ทางหลวงพิเศษหมายเลข 37,ปกติ,0,0,0,0,เสียหลัก
2021-04-27 13:10:10,13:10:10,บางพลี-สุขสวัสดิ์,ฝนตก,0,0,0,0,สภาพแวดล้อม
2021-04-27 11:47:47,11:47:47,บูรพาวิถี,ปกติ,0,0,0,0,หลับใน
2021-04-26 10:26:26,10:26:26,เฉลิมมหานคร,ปกติ,0,0,0,0,เบรคขัดข้อง
2021-04-25 15:23:23,15:23:23,เฉลิมมหานคร,ปกติ,0,1,0,0,เปลี่ยนช่องทางกระทันหัน
2021-04-24 05:00:00,05:00:00,เฉลิมมหานคร,ปกติ,0,0,0,0,ขับรถเร็วเกินไป
2021-04-24 02:17:17,02:17:17,เฉลิมมหานคร,ปกติ,1,0,0,0,ขับรถเร็วเกินไป
2021-04-24 01:46:46,01:46:46,อุดรรัถยา,ปกติ,0,0,0,0,หลับใน
2021-04-22 13:41:41,13:41:41,ศรีรัช,ปกติ,0,0,0,0,ขับรถเร็วเกินไป
2021-04-22 00:39:39,00:39:39,บางพลี-สุขสวัสดิ์,ปกติ,0,0,0,0,เปลี่ยนช่องทางกระทันหัน
2021-04-21 13:45:45,13:45:45,ศรีรัช,ปกติ,0,0,0,0,เปลี่ยนช่องทางกระทันหัน
2021-04-21 09:01:01,09:01:01,อุดรรัถยา,ปกติ,0,0,0,0,เปลี่ยนช่องทางกระทันหัน
2021-04-21 08:00:00,08:00:00,ศรีรัช,ปกติ,0,0,0,0,ก้มหยิบของ
2021-04-21 07:04:04,07:04:04,บูรพาวิถี,ปกติ,0,0,0,0,ยางแตก
2021-04-21 06:06:06,06:06:06,ศรีรัช,ปกติ,0,0,0,0,เปลี่ยนช่องทางกระทันหัน
2021-04-20 14:11:11,14:11:11,บางพลี-สุขสวัสดิ์,ปกติ,0,0,0,0,เปลี่ยนช่องทางกระทันหัน
2021-04-19 11:38:38,11:38:38,บูรพาวิถี,ปกติ,1,0,0,0,กระบะจอดเสียเลนกลาง
2021-04-18 15:13:13,15:13:13,ฉลองรัช,ฝนตก,0,0,0,0,เปลี่ยนช่องทางกระทันหัน
2021-04-16 11:11:11,11:11:11,บางพลี-สุขสวัสดิ์,ปกติ,0,0,0,0,เปลี่ยนช่องทางกระทันหัน
2021-04-15 18:52:52,18:52:52,บูรพาวิถี,ปกติ,1,1,0,0,ขับรถเร็วเกินไป
2021-04-15 18:51:51,18:51:51,บูรพาวิถี,ปกติ,2,1,0,0,ขับรถเร็วเกินไป
2021-04-14 11:55:55,11:55:55,ฉลองรัช,ปกติ,0,0,1,0,ขับรถเร็วเกินไป
2021-04-14 10:50:50,10:50:50,บูรพาวิถี,ปกติ,0,1,0,0,ขับรถเร็วเกินไป
2021-04-12 12:02:02,12:02:02,บูรพาวิถี,ปกติ,0,0,0,0,ขับรถเร็วเกินไป
2021-04-10 22:42:42,22:42:42,บูรพาวิถี,ปกติ,0,0,0,0,ขับรถเร็วเกินไป
2021-04-10 13:19:19,13:19:19,อุดรรัถยา,ปกติ,0,0,0,0,เปลี่ยนช่องทางกระทันหัน
2021-04-09 09:48:48,09:48:48,อุดรรัถยา,ปกติ,0,0,0,0,เปลี่ยนช่องทางกระทันหัน
2021-04-08 11:10:10,11:10:10,บูรพาวิถี,ปกติ,0,2,0,0,ยางแตก
2021-04-08 04:20:20,04:20:20,บางพลี-สุขสวัสดิ์,ปกติ,0,0,0,0,ขับรถเร็วเกินไป
2021-04-08 00:05:05,00:05:05,ศรีรัช,ปกติ,1,0,0,0,หลับใน
2021-04-07 15:13:13,15:13:13,ศรีรัช,ปกติ,0,0,0,0,เบรคขัดข้อง
2021-04-07 05:56:56,05:56:56,บูรพาวิถี,ปกติ,2,0,0,0,ยางแตก
2021-04-06 23:47:47,23:47:47,ศรีรัช,ปกติ,0,0,0,0,เปลี่ยนช่องทางกระทันหัน
2021-04-06 16:39:39,16:39:39,เฉลิมมหานคร,ปกติ,1,0,0,0,ขับขี่ในระยะกระชั้นชิด
2021-04-03 23:48:48,23:48:48,ฉลองรัช,ปกติ,5,0,0,0,ยางแตก
2021-04-03 20:54:54,20:54:54,ฉลองรัช,ปกติ,1,0,0,0,ขับรถเร็วเกินไป
2021-04-03 01:24:24,01:24:24,ทางหลวงพิเศษหมายเลข 37,ปกติ,1,0,0,0,ขับรถเร็วเกินไป
2021-04-02 12:53:53,12:53:53,บางพลี-สุขสวัสดิ์,ปกติ,0,0,0,0,เปลี่ยนช่องทางกระทันหัน
2021-04-02 09:25:25,09:25:25,บางพลี-สุขสวัสดิ์,ปกติ,0,0,0,0,เปลี่ยนช่องทางกระทันหัน
2021-04-02 07:57:57,07:57:57,บูรพาวิถี,ปกติ,0,0,0,0,ขับรถเร็วเกินไป
2021-04-01 20:04:04,20:04:04,บางพลี-สุขสวัสดิ์,ปกติ,0,0,0,0,เสียหลัก
2021-04-01 00:17:17,00:17:17,บูรพาวิถี,ปกติ,0,0,0,0,ขับรถเร็วเกินไป
2021-03-31 23:51:51,23:51:51,บางพลี-สุขสวัสดิ์,ปกติ,0,0,0,0,บรรทุกยื่นล้ำ
2021-03-31 11:03:03,11:03:03,บูรพาวิถี,ปกติ,0,0,0,0,ขับรถเร็วเกินไป
2021-03-31 05:52:52,05:52:52,บางพลี-สุขสวัสดิ์,ปกติ,0,1,0,0,ขับรถเร็วเกินไป
2021-03-30 16:12:12,16:12:12,ศรีรัช,ปกติ,0,0,0,0,ขับรถเร็วเกินไป
2021-03-30 14:59:59,14:59:59,เฉลิมมหานคร,ปกติ,2,0,0,0,ขับรถเร็วเกินไป
2021-03-30 14:40:40,14:40:40,บางพลี-สุขสวัสดิ์,ปกติ,0,0,0,0,ขับรถเร็วเกินไป
2021-03-30 10:51:51,10:51:51,ทางหลวงพิเศษหมายเลข 37,ปกติ,0,0,0,0,ขับรถเร็วเกินไป
2021-03-30 09:35:35,09:35:35,บางพลี-สุขสวัสดิ์,ปกติ,0,0,0,0,เปลี่ยนช่องทางกระทันหัน
2021-03-30 09:13:13,09:13:13,ทางหลวงพิเศษหมายเลข 37,ปกติ,0,0,0,0,ไม่ทราบ
2021-03-29 17:06:06,17:06:06,บางพลี-สุขสวัสดิ์,ปกติ,0,0,0,0,ขับรถเร็วเกินไป
2021-03-29 09:47:47,09:47:47,บูรพาวิถี,ปกติ,0,0,0,0,ขับรถเร็วเกินไป
2021-03-29 09:21:21,09:21:21,บางพลี-สุขสวัสดิ์,ปกติ,0,0,0,0,ขับรถเร็วเกินไป
2021-03-29 08:10:10,08:10:10,ศรีรัช,ปกติ,0,1,0,0,เปลี่ยนช่องทางกระทันหัน
2021-03-29 07:06:06,07:06:06,บูรพาวิถี,ปกติ,0,0,0,0,ขับรถเร็วเกินไป
2021-03-28 22:43:43,22:43:43,ศรีรัช,ปกติ,0,0,0,0,เปลี่ยนช่องทางกระทันหัน
2021-03-28 22:22:22,22:22:22,บางพลี-สุขสวัสดิ์,ปกติ,0,0,0,0,ขับรถเร็วเกินไป
2021-03-28 12:42:42,12:42:42,ทางหลวงพิเศษหมายเลข 37,ปกติ,0,0,0,0,ขับรถเร็วเกินไป
2021-03-28 01:10:10,01:10:10,บูรพาวิถี,ปกติ,0,0,0,0,ประมาท
2021-03-27 05:11:11,05:11:11,ศรีรัช,ปกติ,0,0,0,0,เปลี่ยนช่องทางกระทันหัน
2021-03-27 00:14:14,00:14:14,บูรพาวิถี,ปกติ,1,0,0,0,ประมาท
2021-03-26 19:48:48,19:48:48,บางพลี-สุขสวัสดิ์,ปกติ,0,0,0,0,ขับรถเร็วเกินไป
2021-03-26 15:16:16,15:16:16,บางพลี-สุขสวัสดิ์,ปกติ,0,0,0,0,ฝ่าฝืนสัญญาณ/ป้ายจราจร
2021-03-26 08:31:31,08:31:31,บางพลี-สุขสวัสดิ์,ปกติ,0,0,0,0,ขับรถเร็วเกินไป
2021-03-26 08:31:31,08:31:31,บางพลี-สุขสวัสดิ์,ปกติ,0,0,0,0,ขับรถเร็วเกินไป
2021-03-26 08:21:21,08:21:21,ศรีรัช,ปกติ,0,0,0,0,ขับรถเร็วเกินไป
2021-03-26 05:47:47,05:47:47,บูรพาวิถี,ปกติ,0,0,0,0,ขับรถเร็วเกินไป
2021-03-25 20:05:05,20:05:05,ศรีรัช-วงแหวนรอบนอก,ปกติ,0,1,0,0,เปลี่ยนช่องทางกระทันหัน
2021-03-25 14:09:09,14:09:09,บูรพาวิถี,ปกติ,0,0,0,0,ขับรถเร็วเกินไป
2021-03-25 09:26:26,09:26:26,บางพลี-สุขสวัสดิ์,ปกติ,0,0,0,0,ขับรถเร็วเกินไป
2021-03-25 08:38:38,08:38:38,บางพลี-สุขสวัสดิ์,ปกติ,0,1,0,0,เล่นโทรศัพท์
2021-03-25 06:47:47,06:47:47,อุดรรัถยา,ปกติ,0,0,0,0,ยางแตก
2021-03-24 05:40:40,05:40:40,ศรีรัช,ปกติ,0,2,0,0,ขับรถเร็วเกินไป
2021-03-24 01:52:52,01:52:52,ฉลองรัช,ปกติ,0,1,0,0,ขับรถเร็วเกินไป
2021-03-22 10:59:59,10:59:59,บางพลี-สุขสวัสดิ์,ปกติ,0,0,0,0,ขับรถเร็วเกินไป
2021-03-21 05:34:34,05:34:34,บางพลี-สุขสวัสดิ์,ปกติ,0,0,0,0,ขับรถเร็วเกินไป
2021-03-21 04:08:08,04:08:08,อุดรรัถยา,ปกติ,1,0,0,0,ขับรถเร็วเกินไป
2021-03-19 16:32:32,16:32:32,ศรีรัช,ปกติ,0,0,0,0,เปลี่ยนช่องทางกระทันหัน
2021-03-19 14:00:00,14:00:00,บางพลี-สุขสวัสดิ์,ปกติ,0,0,0,0,ขับรถเร็วเกินไป
2021-03-19 11:42:42,11:42:42,บูรพาวิถี,ปกติ,0,1,0,0,ยางแตก
2021-03-19 06:55:55,06:55:55,ทางหลวงพิเศษหมายเลข 37,ปกติ,0,0,0,0,เบรคขัดข้อง
2021-03-19 06:22:22,06:22:22,อุดรรัถยา,ปกติ,1,0,0,0,ยางแตก
2021-03-18 22:30:30,22:30:30,เฉลิมมหานคร,ปกติ,0,0,0,0,ขับรถเร็วเกินไป
2021-03-18 19:25:25,19:25:25,ทางหลวงพิเศษหมายเลข 37,ปกติ,0,0,0,0,ขับรถเร็วเกินไป
2021-03-18 11:59:59,11:59:59,ฉลองรัช,ปกติ,0,0,0,0,ยางแตก
2021-03-18 08:02:02,08:02:02,บางพลี-สุขสวัสดิ์,ปกติ,0,0,0,0,ขับรถเร็วเกินไป
2021-03-17 22:06:06,22:06:06,ฉลองรัช,ปกติ,2,0,0,0,ขับรถเร็วเกินไป
2021-03-17 10:15:15,10:15:15,ฉลองรัช,ปกติ,0,0,0,0,เบรคกะทันหัน
2021-03-17 04:13:13,04:13:13,บางพลี-สุขสวัสดิ์,ปกติ,1,0,0,0,หลับใน
2021-03-16 21:35:35,21:35:35,บูรพาวิถี,ปกติ,0,0,0,0,ขับรถเร็วเกินไป
2021-03-16 18:06:06,18:06:06,บางพลี-สุขสวัสดิ์,ปกติ,0,0,0,0,หลับใน
2021-03-16 14:39:39,14:39:39,บูรพาวิถี,ปกติ,1,0,0,0,ขับรถเร็วเกินไป
2021-03-16 10:35:35,10:35:35,ศรีรัช,ปกติ,0,0,0,0,เปลี่ยนช่องทางกระทันหัน
2021-03-15 05:59:59,05:59:59,บางพลี-สุขสวัสดิ์,ปกติ,0,1,0,0,หลับใน
2021-03-15 02:15:15,02:15:15,ฉลองรัช,ปกติ,0,0,0,0,ขับรถเร็วเกินไป
2021-03-14 22:15:15,22:15:15,เฉลิมมหานคร,ปกติ,0,0,0,0,เปลี่ยนช่องทางกระทันหัน
2021-03-14 02:01:01,02:01:01,บูรพาวิถี,ปกติ,0,0,0,0,ขับรถเร็วเกินไป
2021-03-13 23:55:55,23:55:55,เฉลิมมหานคร,ปกติ,0,0,0,0,หลับใน
2021-03-13 17:42:42,17:42:42,ศรีรัช,ปกติ,0,0,0,0,ถอยหลังชิดด้านซ้ายมากเกินไป
2021-03-12 22:09:09,22:09:09,ฉลองรัช,ปกติ,0,0,0,0,มึนเมา
2021-03-12 06:25:25,06:25:25,ศรีรัช,ปกติ,0,0,0,0,ขับรถเร็วเกินไป
2021-03-11 02:26:26,02:26:26,ฉลองรัช,ปกติ,1,2,1,0,ขับรถเร็วเกินไป
2021-03-10 22:15:15,22:15:15,ฉลองรัช,ปกติ,0,0,0,0,เปลี่ยนช่องทางกระทันหัน
2021-03-10 11:21:21,11:21:21,ทางหลวงพิเศษหมายเลข 37,ปกติ,0,0,0,0,ประมาทขาดความระวัง
2021-03-10 06:10:10,06:10:10,บางพลี-สุขสวัสดิ์,ปกติ,0,0,0,0,หลับใน
2021-03-09 23:25:25,23:25:25,ศรีรัช,ปกติ,0,0,0,0,เปลี่ยนช่องทางกระทันหัน
2021-03-09 15:36:36,15:36:36,ศรีรัช,ปกติ,0,0,0,0,เปลี่ยนช่องทางกระทันหัน
2021-03-08 14:04:04,14:04:04,บูรพาวิถี,ปกติ,0,0,0,0,ขับรถเร็วเกินไป
2021-03-07 23:55:55,23:55:55,บูรพาวิถี,ปกติ,3,0,0,0,ขับรถเร็วเกินไป
2021-03-07 17:09:09,17:09:09,บางพลี-สุขสวัสดิ์,ปกติ,0,1,0,0,ขับรถเร็วเกินไป
2021-03-07 14:07:07,14:07:07,บางพลี-สุขสวัสดิ์,ปกติ,0,1,0,0,หลับใน
2021-03-07 13:57:57,13:57:57,ศรีรัช,ปกติ,0,0,0,0,เปลี่ยนช่องทางกระทันหัน
2021-03-06 15:04:04,15:04:04,บางพลี-สุขสวัสดิ์,ปกติ,0,0,0,0,หลับใน
2021-03-06 11:06:06,11:06:06,ทางหลวงพิเศษหมายเลข 37,ปกติ,0,0,0,0,ขับรถมองข้างทาง
2021-03-06 04:50:50,04:50:50,ทางหลวงพิเศษหมายเลข 37,ปกติ,3,0,0,0,สภาพแวดล้อม
2021-03-05 16:21:21,16:21:21,บูรพาวิถี,ปกติ,0,0,0,0,เข้าผิดเลนถอยชนไฟส่องล้อเสียหา
2021-03-05 10:09:09,10:09:09,ศรีรัช-วงแหวนรอบนอก,ปกติ,2,0,0,0,ขับรถเร็วเกินไป
2021-03-05 01:03:03,01:03:03,บางพลี-สุขสวัสดิ์,ปกติ,0,0,0,0,เปลี่ยนช่องทางกระทันหัน
2021-03-04 13:12:12,13:12:12,บางพลี-สุขสวัสดิ์,ปกติ,0,0,0,0,นับเงินทอนค่าผ่านทาง
2021-03-04 05:59:59,05:59:59,บางพลี-สุขสวัสดิ์,ปกติ,1,0,0,0,ขับรถเร็วเกินไป
2021-03-03 15:58:58,15:58:58,บางพลี-สุขสวัสดิ์,ปกติ,0,0,0,0,ขับรถเร็วเกินไป
2021-03-03 15:19:19,15:19:19,บางพลี-สุขสวัสดิ์,ปกติ,0,0,0,0,ขับรถเร็วเกินไป
2021-03-02 10:09:09,10:09:09,ศรีรัช,ปกติ,0,4,0,0,เปลี่ยนช่องทางกระทันหัน
2021-03-02 07:41:41,07:41:41,ฉลองรัช,ปกติ,1,2,0,0,ขับรถเร็วเกินไป
2021-03-01 12:23:23,12:23:23,เฉลิมมหานคร,ปกติ,1,0,0,0,ขับรถเร็วเกินไป
2021-03-01 08:40:40,08:40:40,ฉลองรัช,ปกติ,0,0,0,0,ขับรถเร็วเกินไป
2021-02-28 10:08:08,10:08:08,ศรีรัช,ปกติ,0,1,0,0,เบรคขัดข้อง
2021-02-28 05:55:55,05:55:55,เฉลิมมหานคร,ปกติ,3,0,0,0,หลับใน
2021-02-27 23:15:15,23:15:15,ศรีรัช,ปกติ,0,0,0,0,เปลี่ยนช่องทางกระทันหัน
2021-02-27 23:13:13,23:13:13,ศรีรัช,ปกติ,0,0,0,0,เปลี่ยนช่องทางกระทันหัน
2021-02-27 09:39:39,09:39:39,บูรพาวิถี,ปกติ,0,0,0,0,รอการตรวจสอบ
2021-02-26 12:11:11,12:11:11,ฉลองรัช,ปกติ,0,0,0,0,ขับรถเร็วเกินไป
2021-02-25 23:24:24,23:24:24,ศรีรัช,ปกติ,0,0,0,0,เบรคไม่ทัน
2021-02-25 17:53:53,17:53:53,เฉลิมมหานคร,ปกติ,0,0,0,0,ขับรถเร็วเกินไป
2021-02-25 13:49:49,13:49:49,เฉลิมมหานคร,ปกติ,1,0,0,0,ขับรถเร็วเกินไป
2021-02-25 09:37:37,09:37:37,ศรีรัช,ปกติ,0,2,0,0,ขับรถเร็วเกินไป
2021-02-25 09:20:20,09:20:20,บูรพาวิถี,ปกติ,1,0,0,0,เปลี่ยนช่องทางกระทันหัน
2021-02-24 20:16:16,20:16:16,บางพลี-สุขสวัสดิ์,ปกติ,0,1,0,0,ขับรถเร็วเกินไป
2021-02-23 20:08:08,20:08:08,ทางหลวงพิเศษหมายเลข 37,ปกติ,0,0,0,0,ยางแตก
2021-02-23 05:59:59,05:59:59,ฉลองรัช,ปกติ,0,0,0,0,ขับรถเร็วเกินไป
2021-02-22 23:30:30,23:30:30,ฉลองรัช,ปกติ,0,0,0,0,ขับรถเร็วเกินไป
2021-02-21 19:07:07,19:07:07,บางพลี-สุขสวัสดิ์,ปกติ,0,0,0,0,ระบบไฟฟ้าขัดข้อง
2021-02-21 15:09:09,15:09:09,เฉลิมมหานคร,ปกติ,3,3,0,0,ขับรถเร็วเกินไป
2021-02-20 13:57:57,13:57:57,บางพลี-สุขสวัสดิ์,ปกติ,0,0,0,0,ขับรถเร็วเกินไป
2021-02-20 11:34:34,11:34:34,ศรีรัช,ปกติ,0,0,0,0,เปลี่ยนช่องทางกระทันหัน
2021-02-20 00:45:45,00:45:45,บูรพาวิถี,ปกติ,0,0,0,0,ขับรถเร็วเกินไป
2021-02-19 22:04:04,22:04:04,ฉลองรัช,ปกติ,1,0,0,0,เปลี่ยนช่องทางกระทันหัน
2021-02-19 05:27:27,05:27:27,บางพลี-สุขสวัสดิ์,ปกติ,0,0,0,0,บรรทุกยื่นล้ำ
2021-02-19 04:58:58,04:58:58,บางพลี-สุขสวัสดิ์,ปกติ,0,0,0,0,ยางแตก
2021-02-19 02:34:34,02:34:34,บางพลี-สุขสวัสดิ์,ปกติ,0,0,0,0,ยางแตก
2021-02-18 01:35:35,01:35:35,เฉลิมมหานคร,ปกติ,1,0,0,0,ขับรถเร็วเกินไป
2021-02-15 11:29:29,11:29:29,บางพลี-สุขสวัสดิ์,ปกติ,0,0,0,0,รถบรรทุกหนัก
2021-02-14 00:37:37,00:37:37,บางพลี-สุขสวัสดิ์,ปกติ,1,0,0,0,รอการตรวจสอบ
2021-02-12 00:51:51,00:51:51,ศรีรัช,ปกติ,0,0,0,0,เปลี่ยนช่องทางกระทันหัน
2021-02-11 23:57:57,23:57:57,ศรีรัช,ปกติ,0,0,0,0,หลับใน
2021-02-11 23:22:22,23:22:22,อุดรรัถยา,ปกติ,0,0,0,0,ขับรถเร็วเกินไป
2021-02-11 06:10:10,06:10:10,เฉลิมมหานคร,ปกติ,0,0,0,0,บรรทุกเกิน/ของตกหล่น
2021-02-09 19:32:32,19:32:32,บางพลี-สุขสวัสดิ์,ปกติ,2,0,0,0,ขับรถเร็วเกินไป
2021-02-09 13:34:34,13:34:34,S1,ฝนตก,0,0,0,0,ขับรถเร็วเกินไป
2021-02-09 13:04:04,13:04:04,ศรีรัช,ปกติ,0,0,0,0,ฝ่าฝืนสัญญาณ/ป้ายจราจร
2021-02-09 10:15:15,10:15:15,บูรพาวิถี,ปกติ,1,0,0,0,ขับรถเร็วเกินไป
2021-02-09 06:10:10,06:10:10,บูรพาวิถี,ปกติ,0,0,0,0,ขับรถเร็วเกินไป
2021-02-07 10:40:40,10:40:40,บูรพาวิถี,ปกติ,0,0,0,0,ขับรถเร็วเกินไป
2021-02-07 08:54:54,08:54:54,อุดรรัถยา,ปกติ,0,0,0,0,ยางแตก
2021-02-06 22:11:11,22:11:11,ฉลองรัช,ปกติ,0,3,0,0,ขับรถเร็วเกินไป
2021-02-06 15:38:38,15:38:38,อุดรรัถยา,ปกติ,0,0,0,0,มีควันขึ้นที่ห้องเครื่อง
2021-02-06 01:50:50,01:50:50,เฉลิมมหานคร,ปกติ,1,3,0,0,เปลี่ยนช่องทางกระทันหัน
2021-02-05 09:32:32,09:32:32,บูรพาวิถี,ปกติ,0,1,0,0,ขับรถเร็วเกินไป
2021-02-04 11:40:40,11:40:40,บูรพาวิถี,ปกติ,0,1,0,0,สภาพแวดล้อม
2021-02-04 09:10:10,09:10:10,ฉลองรัช,ปกติ,0,0,0,0,ยางแตก
2021-02-03 21:47:47,21:47:47,บางพลี-สุขสวัสดิ์,ปกติ,0,0,0,0,บรรทุกยื่นล้ำ
2021-02-02 15:54:54,15:54:54,บูรพาวิถี,ปกติ,0,0,0,0,ยางหลังขวาแตก
2021-02-02 13:26:26,13:26:26,อุดรรัถยา,ปกติ,1,0,1,0,เปลี่ยนช่องทางกระทันหัน
2021-02-02 11:07:07,11:07:07,บูรพาวิถี,ปกติ,0,0,0,0,ฝ่าฝืนสัญญาณ/ป้ายจราจร
2021-02-02 10:53:53,10:53:53,เฉลิมมหานคร,ปกติ,1,0,0,0,หลับใน
2021-02-02 09:33:33,09:33:33,บางพลี-สุขสวัสดิ์,ปกติ,0,0,0,0,ขับรถเร็วเกินไป
2021-02-02 09:06:06,09:06:06,บางพลี-สุขสวัสดิ์,ปกติ,1,0,0,0,ขับรถเร็วเกินไป
2021-02-02 08:40:40,08:40:40,บางพลี-สุขสวัสดิ์,ปกติ,0,0,0,0,ขับรถเร็วเกินไป
2021-02-01 15:04:04,15:04:04,ทางหลวงพิเศษหมายเลข 37,ปกติ,0,0,0,0,ขับรถเร็วเกินไป
2021-02-01 13:32:32,13:32:32,ศรีรัช,ปกติ,0,0,0,0,เปลี่ยนช่องทางกระทันหัน
2021-01-30 12:56:56,12:56:56,ศรีรัช,ปกติ,0,0,0,0,เปลี่ยนช่องทางกระทันหัน
2021-01-29 18:40:40,18:40:40,ฉลองรัช,ปกติ,0,0,0,0,ขับรถเร็วเกินไป
2021-01-29 10:26:26,10:26:26,ฉลองรัช,ปกติ,0,0,0,0,ล้อหลุด
2021-01-29 07:55:55,07:55:55,ศรีรัช-วงแหวนรอบนอก,ปกติ,0,0,0,0,ขับรถเร็วเกินไป
2021-01-28 23:08:08,23:08:08,เฉลิมมหานคร,ปกติ,0,0,0,0,เปลี่ยนช่องทางกระทันหัน
2021-01-27 23:31:31,23:31:31,ศรีรัช,ปกติ,0,0,0,0,เปลี่ยนช่องทางกระทันหัน
2021-01-27 06:45:45,06:45:45,ทางหลวงพิเศษหมายเลข 37,ปกติ,0,0,0,0,เบรคขัดข้อง
2021-01-27 02:10:10,02:10:10,เฉลิมมหานคร,ปกติ,0,1,0,0,จยย.ย้อนศร
2021-01-26 17:39:39,17:39:39,ศรีรัช,ปกติ,0,0,0,0,เปลี่ยนช่องทางกระทันหัน
2021-01-26 13:50:50,13:50:50,ฉลองรัช,ปกติ,0,0,0,0,ขับรถเร็วเกินไป
2021-01-26 02:00:00,02:00:00,ศรีรัช,ปกติ,0,0,0,0,เปลี่ยนช่องทางกระทันหัน
2021-01-25 22:07:07,22:07:07,บางพลี-สุขสวัสดิ์,ปกติ,0,0,0,0,ใช้โทรศัพท์ขณะขับรถ
2021-01-25 19:27:27,19:27:27,บางพลี-สุขสวัสดิ์,ปกติ,1,0,0,0,ขับรถเร็วเกินไป
2021-01-25 19:26:26,19:26:26,บางพลี-สุขสวัสดิ์,ปกติ,3,0,0,0,ขับรถเร็วเกินไป
2021-01-24 19:55:55,19:55:55,อุดรรัถยา,ปกติ,0,0,0,0,เปลี่ยนช่องทางกระทันหัน
2021-01-24 00:11:11,00:11:11,ฉลองรัช,ปกติ,0,0,0,0,ขับรถเร็วเกินไป
2021-01-23 12:44:44,12:44:44,เฉลิมมหานคร,ปกติ,0,1,0,0,ขับรถเร็วเกินไป
2021-01-22 23:19:19,23:19:19,เฉลิมมหานคร,ปกติ,0,1,0,0,ขับรถเร็วเกินไป
2021-01-22 22:51:51,22:51:51,บางพลี-สุขสวัสดิ์,ปกติ,0,0,0,0,หลับใน
2021-01-22 13:19:19,13:19:19,บูรพาวิถี,ปกติ,0,0,0,0,ขับรถเร็วเกินไป
2021-01-20 19:50:50,19:50:50,S1,ปกติ,0,0,0,0,ล้อหลุด
2021-01-20 18:44:44,18:44:44,บางพลี-สุขสวัสดิ์,ปกติ,0,0,0,0,ขับรถเร็วเกินไป
2021-01-19 09:44:44,09:44:44,ศรีรัช,ปกติ,0,0,0,0,ยางแตก
2021-01-16 20:42:42,20:42:42,บูรพาวิถี,ปกติ,0,0,0,0,ขับรถเร็วเกินไป
2021-01-15 15:10:10,15:10:10,เฉลิมมหานคร,ปกติ,1,0,0,0,เปลี่ยนช่องทางกระทันหัน
2021-01-14 22:15:15,22:15:15,ศรีรัช-วงแหวนรอบนอก,ปกติ,0,1,0,0,เปลี่ยนช่องทางกระทันหัน
2021-01-14 03:45:45,03:45:45,เฉลิมมหานคร,ปกติ,1,0,0,0,หลับใน
2021-01-12 21:20:20,21:20:20,บูรพาวิถี,ปกติ,0,0,0,0,ขับรถเร็วเกินไป
2021-01-10 14:26:26,14:26:26,เฉลิมมหานคร,ปกติ,0,0,0,0,บรรทุกยื่นล้ำตัวรถ
2021-01-09 13:36:36,13:36:36,ฉลองรัช,ปกติ,0,0,0,0,ระบบไฟฟ้าขัดข้อง
2021-01-09 11:00:00,11:00:00,ฉลองรัช,ปกติ,0,0,0,0,เปลี่ยนช่องทางกระทันหัน
2021-01-09 01:21:21,01:21:21,บางพลี-สุขสวัสดิ์,ปกติ,0,0,0,0,มึนเมา
2021-01-08 19:38:38,19:38:38,ฉลองรัช,ปกติ,0,0,0,0,ขับรถเร็วเกินไป
2021-01-08 04:11:11,04:11:11,ทางหลวงพิเศษหมายเลข 37,ปกติ,0,0,0,0,บรรทุกสิ่งของยื้นล้ำ
2021-01-06 14:29:29,14:29:29,ศรีรัช-วงแหวนรอบนอก,ปกติ,0,1,0,0,เปลี่ยนช่องทางกระทันหัน
2021-01-06 05:05:05,05:05:05,ทางหลวงพิเศษหมายเลข 37,ปกติ,0,0,0,0,ขับรถเร็วเกินไป
2021-01-05 21:20:20,21:20:20,S1,ปกติ,0,0,0,0,ขับรถเร็วเกินไป
2021-01-05 13:55:55,13:55:55,บูรพาวิถี,ปกติ,0,0,0,0,ขับรถเร็วเกินไป
2021-01-04 03:37:37,03:37:37,ทางหลวงพิเศษหมายเลข 37,ปกติ,0,0,0,0,ยางแตก
2021-01-02 06:52:52,06:52:52,อุดรรัถยา,ปกติ,0,0,0,0,ยางแตก
2021-01-01 21:33:33,21:33:33,ศรีรัช,ปกติ,0,0,1,0,ขับรถเร็วเกินไป
2020-12-31 09:10:10,09:10:10,บูรพาวิถี,ปกติ,0,1,0,0,ยางแตก
2020-12-29 17:15:15,17:15:15,ทางหลวงพิเศษหมายเลข 37,ปกติ,0,1,0,0,เปลี่ยนช่องทางกระทันหัน
2020-12-28 21:22:22,21:22:22,บูรพาวิถี,ปกติ,0,0,0,0,ขับรถเร็วเกินไป
2020-12-28 10:33:33,10:33:33,ฉลองรัช,ปกติ,2,0,0,0,ยางแตก
2020-12-28 07:09:09,07:09:09,บางพลี-สุขสวัสดิ์,ปกติ,0,0,0,0,ขับรถเร็วเกินไป
2020-12-28 01:09:09,01:09:09,ฉลองรัช,ปกติ,0,1,0,0,ขับรถเร็วเกินไป
2020-12-27 03:47:47,03:47:47,ศรีรัช,ปกติ,0,0,0,0,เปลี่ยนช่องทางกระทันหัน
2020-12-26 23:09:09,23:09:09,บูรพาวิถี,ปกติ,1,0,0,0,ขับรถเร็วเกินไป
2020-12-26 16:09:09,16:09:09,ฉลองรัช,ปกติ,2,0,0,0,ขับรถเร็วเกินไป
2020-12-26 05:16:16,05:16:16,ศรีรัช,ปกติ,0,2,0,0,เปลี่ยนช่องทางกระทันหัน
2020-12-25 17:18:18,17:18:18,ทางหลวงพิเศษหมายเลข 37,ปกติ,1,2,0,0,ขับรถเร็วเกินไป
2020-12-25 05:39:39,05:39:39,บูรพาวิถี,ปกติ,1,0,0,0,หลับใน
2020-12-24 12:54:54,12:54:54,ศรีรัช,ปกติ,0,1,0,0,เปลี่ยนช่องทางกระทันหัน
2020-12-24 03:09:09,03:09:09,บางพลี-สุขสวัสดิ์,ปกติ,0,0,0,0,บรรทุกเกิน/ของตกหล่น
2020-12-22 00:24:24,00:24:24,บางพลี-สุขสวัสดิ์,ปกติ,0,0,0,0,มองไม่เห็น
2020-12-21 16:07:07,16:07:07,บางพลี-สุขสวัสดิ์,ปกติ,0,0,0,0,เบรคขัดข้อง
2020-12-21 04:07:07,04:07:07,ฉลองรัช,ปกติ,0,1,0,0,ขับรถเร็วเกินไป
2020-12-20 07:14:14,07:14:14,ศรีรัช,ปกติ,0,0,0,0,ยางแตก
2020-12-19 18:16:16,18:16:16,เฉลิมมหานคร,ปกติ,0,0,0,0,ขับรถเร็วเกินไป
2020-12-19 12:23:23,12:23:23,ศรีรัช,ปกติ,1,0,0,0,เปลี่ยนช่องทางกระทันหัน
2020-12-19 02:53:53,02:53:53,ศรีรัช,ปกติ,4,0,0,0,ยางแตก
2020-12-18 22:51:51,22:51:51,บางพลี-สุขสวัสดิ์,ปกติ,0,0,0,0,เปลี่ยนช่องทางกระทันหัน
2020-12-18 16:36:36,16:36:36,ศรีรัช,ปกติ,0,1,0,0,เปลี่ยนช่องทางกระทันหัน
2020-12-18 04:27:27,04:27:27,บางพลี-สุขสวัสดิ์,ปกติ,0,0,0,0,เบรคขัดข้อง
2020-12-17 17:28:28,17:28:28,ศรีรัช,ปกติ,0,0,0,0,ฝ่าฝืนสัญญาณ/ป้ายจราจร
2020-12-17 16:17:17,16:17:17,บางพลี-สุขสวัสดิ์,ปกติ,0,0,0,0,เปลี่ยนช่องทางกระทันหัน
2020-12-17 12:28:28,12:28:28,บูรพาวิถี,ปกติ,0,0,0,0,ยางแตก
2020-12-17 11:50:50,11:50:50,ศรีรัช,ปกติ,0,0,0,0,ขับรถเร็วเกินไป
2020-12-17 04:00:00,04:00:00,บางพลี-สุขสวัสดิ์,ปกติ,1,0,0,0,ขับรถเร็วเกินไป
2020-12-16 18:05:05,18:05:05,บางพลี-สุขสวัสดิ์,ปกติ,0,0,0,0,เบรคกระทันหัน
2020-12-16 16:03:03,16:03:03,ฉลองรัช,ปกติ,0,0,0,0,บรรทุกเกิน/ของตกหล่น
2020-12-13 17:02:02,17:02:02,บูรพาวิถี,ปกติ,0,1,0,0,ขับรถเร็วเกินไป
2020-12-13 01:48:48,01:48:48,เฉลิมมหานคร,ปกติ,0,1,0,0,ขับรถเร็วเกินไป
2020-12-13 00:23:23,00:23:23,บางพลี-สุขสวัสดิ์,ปกติ,2,0,0,0,ขับรถเร็วเกินไป
2020-12-10 22:14:14,22:14:14,ศรีรัช,ปกติ,1,1,0,0,เปลี่ยนช่องทางกระทันหัน
2020-12-10 12:52:52,12:52:52,บูรพาวิถี,ปกติ,0,1,0,0,ขับรถเร็วเกินไป
2020-12-10 01:08:08,01:08:08,บูรพาวิถี,ปกติ,0,0,0,0,หลับใน
2020-12-09 07:50:50,07:50:50,อุดรรัถยา,ปกติ,2,0,0,0,หลับใน
2020-12-08 23:57:57,23:57:57,บูรพาวิถี,ปกติ,0,0,1,0,ขับรถเร็วเกินไป
2020-12-08 22:22:22,22:22:22,บูรพาวิถี,ปกติ,1,1,0,0,ขับรถเร็วเกินไป
2020-12-08 13:30:30,13:30:30,อุดรรัถยา,ปกติ,0,0,0,0,หลับใน
2020-12-08 00:32:32,00:32:32,เฉลิมมหานคร,ปกติ,0,0,0,0,ขับรถเร็วเกินไป
2020-12-07 07:31:31,07:31:31,ฉลองรัช,ปกติ,0,0,0,0,ขับรถเร็วเกินไป
2020-12-06 22:18:18,22:18:18,บางพลี-สุขสวัสดิ์,ปกติ,1,2,0,0,หลับใน
2020-12-05 13:25:25,13:25:25,ทางหลวงพิเศษหมายเลข 37,ปกติ,0,0,0,0,ขับรถเร็วเกินไป
2020-12-05 04:31:31,04:31:31,ศรีรัช-วงแหวนรอบนอก,ปกติ,0,0,0,0,หลับใน
2020-12-04 23:55:55,23:55:55,บางพลี-สุขสวัสดิ์,ปกติ,0,1,0,0,ล้อหลุด
2020-12-04 17:44:44,17:44:44,ทางหลวงพิเศษหมายเลข 37,ปกติ,3,1,0,0,เบรคขัดข้อง
2020-12-03 23:49:49,23:49:49,เฉลิมมหานคร,ปกติ,0,0,0,0,เปลี่ยนช่องทางกระทันหัน
2020-12-03 12:49:49,12:49:49,ศรีรัช,ปกติ,0,0,0,0,ฝ่าฝืนสัญญาณ/ป้ายจราจร
2020-12-02 23:13:13,23:13:13,บางพลี-สุขสวัสดิ์,ปกติ,1,0,0,0,เปลี่ยนช่องทางกระทันหัน
2020-12-02 22:28:28,22:28:28,บางพลี-สุขสวัสดิ์,ปกติ,0,0,0,0,ขับรถเร็วเกินไป
2020-12-02 03:44:44,03:44:44,อุดรรัถยา,ปกติ,1,0,0,0,หลับใน
2020-12-01 11:25:25,11:25:25,ทางหลวงพิเศษหมายเลข 37,ปกติ,1,0,0,0,เบรคขัดข้อง
2020-12-01 10:15:15,10:15:15,ฉลองรัช,ปกติ,0,0,0,0,ชนท้ายตามลำดับ
2020-11-30 20:00:00,20:00:00,ทางหลวงพิเศษหมายเลข 37,ปกติ,1,0,0,0,ขับรถเร็วเกินไป
2020-11-29 05:01:01,05:01:01,ทางหลวงพิเศษหมายเลข 37,ปกติ,2,1,1,0,ขับรถเร็วเกินไป
2020-11-29 04:12:12,04:12:12,บูรพาวิถี,ปกติ,0,0,0,0,ขับรถเร็วเกินไป
2020-11-29 01:40:40,01:40:40,ศรีรัช,ปกติ,0,0,0,0,เปลี่ยนช่องทางกระทันหัน
2020-11-28 21:32:32,21:32:32,ศรีรัช,ปกติ,0,0,0,0,ยางแตก
2020-11-27 22:52:52,22:52:52,ศรีรัช,ปกติ,0,0,0,0,เปลี่ยนช่องทางกระทันหัน
2020-11-27 13:32:32,13:32:32,ศรีรัช,ปกติ,2,1,0,0,ขับรถเร็วเกินไป
2020-11-27 05:00:00,05:00:00,ศรีรัช,ปกติ,0,1,0,0,ยางแตก
2020-11-26 22:02:02,22:02:02,บางพลี-สุขสวัสดิ์,ปกติ,1,0,0,0,ขับรถเร็วเกินไป
2020-11-26 01:40:40,01:40:40,ฉลองรัช,ปกติ,1,1,0,0,ขับรถเร็วเกินไป
2020-11-26 01:08:08,01:08:08,เฉลิมมหานคร,ปกติ,0,0,0,0,ขับรถช้าลง
2020-11-25 23:41:41,23:41:41,ทางหลวงพิเศษหมายเลข 37,ปกติ,0,0,0,0,ขับรถเร็วเกินไป
2020-11-25 08:14:14,08:14:14,บางพลี-สุขสวัสดิ์,ปกติ,0,0,0,0,ถอยหลังชนไม้กั้น
2020-11-24 09:29:29,09:29:29,อุดรรัถยา,ปกติ,0,0,0,0,เปลี่ยนช่องทางกระทันหัน
2020-11-24 00:29:29,00:29:29,เฉลิมมหานคร,ปกติ,2,0,0,0,หลับใน
2020-11-23 08:11:11,08:11:11,ทางหลวงพิเศษหมายเลข 37,ฝนตก,1,1,0,0,ขับรถเร็วเกินไป
2020-11-23 00:50:50,00:50:50,ทางหลวงพิเศษหมายเลข 37,ปกติ,0,0,0,0,ขับรถเร็วเกินไป
2020-11-22 20:40:40,20:40:40,บูรพาวิถี,ปกติ,0,0,0,0,ขับรถเร็วเกินไป
2020-11-22 08:50:50,08:50:50,ฉลองรัช,ปกติ,0,0,0,0,สภาพแวดล้อม
2020-11-21 23:00:00,23:00:00,ฉลองรัช,ปกติ,1,2,0,0,ขับรถเร็วเกินไป
2020-11-21 14:57:57,14:57:57,ทางหลวงพิเศษหมายเลข 37,ปกติ,0,0,0,0,ขับรถเร็วเกินไป
2020-11-21 10:18:18,10:18:18,บูรพาวิถี,ปกติ,0,0,0,0,หลับใน
2020-11-21 07:58:58,07:58:58,บางพลี-สุขสวัสดิ์,ปกติ,0,0,0,0,ขับรถเร็วเกินไป
2020-11-21 05:39:39,05:39:39,บางพลี-สุขสวัสดิ์,ปกติ,0,0,0,0,ฝ่าฝืนสัญญาณ/ป้ายจราจร
2020-11-20 08:32:32,08:32:32,บางพลี-สุขสวัสดิ์,ปกติ,0,0,0,0,ฝ่าฝืนสัญญาณ/ป้ายจราจร
2020-11-20 04:59:59,04:59:59,บางพลี-สุขสวัสดิ์,ปกติ,0,0,0,0,สภาพแวดล้อม
2020-11-20 04:00:00,04:00:00,บางพลี-สุขสวัสดิ์,ปกติ,0,0,0,0,พวงมาลัยล็อค
2020-11-19 23:23:23,23:23:23,เฉลิมมหานคร,ปกติ,1,0,0,0,ขับรถเร็วเกินไป
2020-11-19 16:44:44,16:44:44,เฉลิมมหานคร,ปกติ,0,0,0,0,เปลี่ยนช่องทางกระทันหัน
2020-11-19 02:54:54,02:54:54,บางพลี-สุขสวัสดิ์,ปกติ,1,0,0,0,มึนเมา
2020-11-19 01:25:25,01:25:25,ศรีรัช,ปกติ,1,0,0,0,เปลี่ยนช่องทางกระทันหัน
2020-11-18 07:54:54,07:54:54,ทางหลวงพิเศษหมายเลข 37,ปกติ,0,0,0,0,ขับรถเร็วเกินไป
2020-11-17 16:03:03,16:03:03,บางพลี-สุขสวัสดิ์,ปกติ,0,0,0,0,ขับรถเร็วเกินไป
2020-11-16 16:40:40,16:40:40,ศรีรัช,ปกติ,0,0,0,0,ขับรถเร็วเกินไป
2020-11-15 14:00:00,14:00:00,อุดรรัถยา,ปกติ,0,0,0,0,เปลี่ยนช่องทางกระทันหัน
2020-11-15 01:23:23,01:23:23,เฉลิมมหานคร,ปกติ,0,0,0,0,ขับรถเร็วเกินไป
2020-11-15 00:19:19,00:19:19,ศรีรัช,ปกติ,0,0,0,0,เปลี่ยนช่องทางกระทันหัน
2020-11-14 22:55:55,22:55:55,อุดรรัถยา,ปกติ,0,0,0,0,ระบบไฟฟ้าขัดข้อง
2020-11-14 22:42:42,22:42:42,ศรีรัช,ปกติ,0,0,0,0,เปลี่ยนช่องทางกระทันหัน
2020-11-14 10:59:59,10:59:59,บูรพาวิถี,ปกติ,0,0,0,0,บรรทุกเกิน/ของตกหล่น
2020-11-14 06:20:20,06:20:20,เฉลิมมหานคร,ปกติ,0,0,0,0,ยางแตก
2020-11-13 22:01:01,22:01:01,ศรีรัช,ปกติ,0,1,0,0,ยางแตก
2020-11-13 13:05:05,13:05:05,บางพลี-สุขสวัสดิ์,ปกติ,0,0,0,0,เบรคขัดข้อง
2020-11-13 10:37:37,10:37:37,บางพลี-สุขสวัสดิ์,ปกติ,0,0,0,0,ขับรถเร็วเกินไป
2020-11-13 00:15:15,00:15:15,อุดรรัถยา,ปกติ,1,0,0,0,หลับใน
2020-11-12 21:51:51,21:51:51,บูรพาวิถี,ปกติ,0,0,0,0,ขับรถเร็วเกินไป
2020-11-12 16:18:18,16:18:18,บูรพาวิถี,ปกติ,0,0,0,0,ขับรถเร็วเกินไป
2020-11-12 08:39:39,08:39:39,ทางหลวงพิเศษหมายเลข 37,ปกติ,0,0,0,0,ยางแตก
2020-11-11 23:50:50,23:50:50,เฉลิมมหานคร,ปกติ,0,0,0,0,บรรทุกเกิน/ของตกหล่น
2020-11-11 07:04:04,07:04:04,ศรีรัช-วงแหวนรอบนอก,ปกติ,0,1,0,0,ขับรถเร็วเกินไป
2020-11-11 00:25:25,00:25:25,อุดรรัถยา,ปกติ,0,0,0,0,หลับใน
2020-11-10 23:40:40,23:40:40,บางพลี-สุขสวัสดิ์,ปกติ,1,0,0,0,พ่วงหลุด
2020-11-10 14:00:00,14:00:00,อุดรรัถยา,ปกติ,1,0,0,0,ขับรถเร็วเกินไป
2020-11-10 01:21:21,01:21:21,ทางหลวงพิเศษหมายเลข 37,ปกติ,0,0,0,0,ขับรถเร็วเกินไป
2020-11-09 18:50:50,18:50:50,บางพลี-สุขสวัสดิ์,ปกติ,0,1,0,0,ก้มหยิบโทรศัพท์
2020-11-09 17:56:56,17:56:56,อุดรรัถยา,ปกติ,1,0,0,0,ขับรถเร็วเกินไป
2020-11-09 12:07:07,12:07:07,บางพลี-สุขสวัสดิ์,ปกติ,0,0,0,0,เบรคขัดข้อง
2020-11-09 08:55:55,08:55:55,อุดรรัถยา,ปกติ,0,0,0,0,เปลี่ยนช่องทางกระทันหัน
2020-11-09 01:50:50,01:50:50,บูรพาวิถี,ปกติ,0,0,0,0,ขับรถเร็วเกินไป
2020-11-07 22:26:26,22:26:26,ทางหลวงพิเศษหมายเลข 37,ปกติ,0,0,0,0,ขับรถเร็วเกินไป
2020-11-07 20:47:47,20:47:47,บางพลี-สุขสวัสดิ์,ปกติ,1,0,0,0,ขับรถเร็วเกินไป
2020-11-06 10:55:55,10:55:55,ทางหลวงพิเศษหมายเลข 37,ปกติ,3,0,0,0,ยางแตก
2020-11-05 07:29:29,07:29:29,เฉลิมมหานคร,ปกติ,0,0,0,0,เปลี่ยนช่องทางกระทันหัน
2020-11-04 23:09:09,23:09:09,บางพลี-สุขสวัสดิ์,ปกติ,3,2,0,0,ขับรถเร็วเกินไป
2020-11-04 22:23:23,22:23:23,ศรีรัช,ปกติ,0,0,0,0,ขับชิดซ้ายมากเกินไป
2020-11-04 15:05:05,15:05:05,ฉลองรัช,ปกติ,0,0,0,0,ขับรถเร็วเกินไป
2020-11-04 09:43:43,09:43:43,อุดรรัถยา,ปกติ,0,0,0,0,เปลี่ยนช่องทางกระทันหัน
2020-11-04 08:53:53,08:53:53,ศรีรัช-วงแหวนรอบนอก,ปกติ,0,0,0,0,ขับรถเร็วเกินไป
2020-11-04 05:24:24,05:24:24,บางพลี-สุขสวัสดิ์,ปกติ,1,0,0,0,หลับใน
2020-11-03 16:02:02,16:02:02,ศรีรัช,ปกติ,0,0,0,0,เปลี่ยนช่องทางกระทันหัน
2020-11-03 09:25:25,09:25:25,บูรพาวิถี,ปกติ,0,0,0,0,ขับรถเร็วเกินไป
2020-10-31 19:20:20,19:20:20,บูรพาวิถี,ปกติ,0,1,0,0,ขับรถเร็วเกินไป
2020-10-31 11:37:37,11:37:37,บางพลี-สุขสวัสดิ์,ปกติ,0,0,0,0,ยางแตก
2020-10-31 09:30:30,09:30:30,เฉลิมมหานคร,ปกติ,0,0,0,0,ขับรถเร็วเกินไป
2020-10-31 07:45:45,07:45:45,บางพลี-สุขสวัสดิ์,ปกติ,0,1,0,0,ขับรถเร็วเกินไป
2020-10-31 05:06:06,05:06:06,บางพลี-สุขสวัสดิ์,ปกติ,0,0,0,0,เบรคไม่อยู่รถบรรทุกหนัก
2020-10-31 00:30:30,00:30:30,S1,ปกติ,1,0,1,0,ขับย้อนศร
2020-10-30 20:28:28,20:28:28,ศรีรัช,ปกติ,0,0,0,0,เปลี่ยนช่องทางกระทันหัน
2020-10-30 18:56:56,18:56:56,บางพลี-สุขสวัสดิ์,ปกติ,0,1,0,0,ขับรถเร็วเกินไป
2020-10-30 14:55:55,14:55:55,เฉลิมมหานคร,ปกติ,0,2,0,0,ขับรถเร็วเกินไป
2020-10-30 06:39:39,06:39:39,บางพลี-สุขสวัสดิ์,ปกติ,2,0,0,0,เบรคขัดข้อง
2020-10-30 00:00:00,00:00:00,ศรีรัช,ปกติ,0,0,0,0,ขับรถเร็วเกินไป
2020-10-29 23:12:12,23:12:12,บูรพาวิถี,ปกติ,0,0,0,0,ขับรถเร็วเกินไป
2020-10-29 22:03:03,22:03:03,ทางหลวงพิเศษหมายเลข 37,ปกติ,0,0,0,0,ขับรถเร็วเกินไป
2020-10-29 17:25:25,17:25:25,บูรพาวิถี,ปกติ,1,0,0,0,ขับรถเร็วเกินไป
2020-10-29 03:54:54,03:54:54,ฉลองรัช,ปกติ,0,0,0,0,ขับรถเร็วเกินไป
2020-10-28 20:27:27,20:27:27,อุดรรัถยา,ปกติ,1,0,0,0,หลับใน
2020-10-28 20:11:11,20:11:11,เฉลิมมหานคร,ปกติ,1,0,0,0,เปลี่ยนช่องทางกระทันหัน
2020-10-28 02:28:28,02:28:28,ศรีรัช,ปกติ,1,0,0,0,เปลี่ยนช่องทางกระทันหัน
2020-10-27 08:48:48,08:48:48,เฉลิมมหานคร,ปกติ,0,0,0,0,ขับรถเร็วเกินไป
2020-10-27 05:42:42,05:42:42,บางพลี-สุขสวัสดิ์,ปกติ,0,0,0,0,สภาพแวดล้อม
2020-10-26 10:08:08,10:08:08,ทางหลวงพิเศษหมายเลข 37,ปกติ,0,0,0,0,บรรทุกเกิน/ของตกหล่น
2020-10-26 09:35:35,09:35:35,อุดรรัถยา,ปกติ,0,0,0,0,ยางแตก
2020-10-25 19:54:54,19:54:54,เฉลิมมหานคร,ปกติ,0,0,0,0,ขับรถเร็วเกินไป
2020-10-25 01:17:17,01:17:17,ศรีรัช-วงแหวนรอบนอก,ปกติ,0,0,0,0,ขับรถเร็วเกินไป
2020-10-24 17:48:48,17:48:48,ศรีรัช,ปกติ,0,0,0,0,ขับรถเร็วเกินไป
2020-10-24 07:14:14,07:14:14,ฉลองรัช,ปกติ,0,0,0,0,ขับรถเร็วเกินไป
2020-10-24 06:01:01,06:01:01,ฉลองรัช,ปกติ,0,0,0,0,ขับรถเร็วเกินไป
2020-10-23 16:33:33,16:33:33,อุดรรัถยา,ปกติ,1,0,0,0,เปลี่ยนช่องทางกระทันหัน
2020-10-23 14:36:36,14:36:36,ศรีรัช,ปกติ,0,1,0,0,ขับรถเร็วเกินไป
2020-10-23 10:30:30,10:30:30,เฉลิมมหานคร,ปกติ,2,1,0,0,ขับรถเร็วเกินไป
2020-10-22 22:00:00,22:00:00,เฉลิมมหานคร,ปกติ,0,1,0,0,ขับรถในระยะกระชั้นชิด
2020-10-22 16:40:40,16:40:40,ศรีรัช,ปกติ,0,0,0,0,เบรคขัดข้อง
2020-10-22 11:10:10,11:10:10,อุดรรัถยา,ปกติ,0,0,0,0,ยางแตก
2020-10-22 00:53:53,00:53:53,ทางหลวงพิเศษหมายเลข 37,ปกติ,2,0,0,0,ขับรถเร็วเกินไป
2020-10-22 00:17:17,00:17:17,บางพลี-สุขสวัสดิ์,ปกติ,0,0,0,0,ระบบไฟฟ้าขัดข้อง
2020-10-21 23:15:15,23:15:15,บูรพาวิถี,ปกติ,0,1,0,0,มีสิ่งของขัดเบรคทำให้เกิดว40
2020-10-21 19:54:54,19:54:54,ศรีรัช,ปกติ,0,0,0,0,เปลี่ยนช่องทางกระทันหัน
2020-10-21 19:53:53,19:53:53,เฉลิมมหานคร,ปกติ,2,0,0,0,ขับรถเร็วเกินไป
2020-10-21 08:14:14,08:14:14,ฉลองรัช,ปกติ,0,0,0,0,ขับรถเร็วเกินไป
2020-10-20 23:37:37,23:37:37,อุดรรัถยา,ปกติ,1,0,0,0,เปลี่ยนช่องทางกระทันหัน
2020-10-20 23:15:15,23:15:15,ฉลองรัช,ปกติ,2,0,0,0,ขับรถเร็วเกินไป
2020-10-19 19:58:58,19:58:58,เฉลิมมหานคร,ปกติ,0,0,0,0,ระบบไฟฟ้าขัดข้อง
2020-10-19 18:18:18,18:18:18,บางพลี-สุขสวัสดิ์,ปกติ,0,0,0,0,ฝ่าฝืนสัญญาณ/ป้ายจราจร
2020-10-19 17:00:00,17:00:00,บูรพาวิถี,ปกติ,1,0,0,0,ขับรถเร็วเกินไป
2020-10-19 16:58:58,16:58:58,บางพลี-สุขสวัสดิ์,ปกติ,0,0,0,0,ขับรถเร็วเกินไป
2020-10-19 06:05:05,06:05:05,เฉลิมมหานคร,ปกติ,0,0,0,0,ขับรถเร็วเกินไป
2020-10-18 08:04:04,08:04:04,ศรีรัช,ฝนตก,0,0,0,0,เปลี่ยนช่องทางกระทันหัน
2020-10-18 02:25:25,02:25:25,ศรีรัช,ฝนตก,0,0,0,0,หลับใน
2020-10-17 14:04:04,14:04:04,ศรีรัช-วงแหวนรอบนอก,ปกติ,0,0,0,0,เปลี่ยนช่องทางกระทันหัน
2020-10-17 04:26:26,04:26:26,เฉลิมมหานคร,ปกติ,0,0,0,0,ขับรถเร็วเกินไป
2020-10-17 00:06:06,00:06:06,ฉลองรัช,ฝนตก,0,0,0,0,ขับรถเร็วเกินไป
2020-10-16 21:44:44,21:44:44,เฉลิมมหานคร,ปกติ,0,0,0,0,บรรทุกเกิน/ของตกหล่น
2020-10-16 17:49:49,17:49:49,อุดรรัถยา,ปกติ,0,0,0,0,เปลี่ยนช่องทางกระทันหัน
2020-10-16 02:22:22,02:22:22,ศรีรัช,ฝนตก,0,0,0,0,เปลี่ยนช่องทางกระทันหัน
2020-10-16 01:31:31,01:31:31,บูรพาวิถี,ปกติ,0,0,0,0,ขับรถเร็วเกินไป
2020-10-15 10:04:04,10:04:04,บางพลี-สุขสวัสดิ์,ปกติ,0,0,0,0,ขับรถเร็วเกินไป
2020-10-14 12:39:39,12:39:39,บางพลี-สุขสวัสดิ์,ปกติ,0,0,0,0,มึนเมา
2020-10-14 12:16:16,12:16:16,บูรพาวิถี,ปกติ,2,0,0,0,เปลี่ยนช่องทางกระทันหัน
2020-10-14 06:40:40,06:40:40,อุดรรัถยา,ปกติ,0,0,0,0,ยางแตก
2020-10-14 04:53:53,04:53:53,เฉลิมมหานคร,ปกติ,0,0,0,0,เปลี่ยนช่องทางกระทันหัน
2020-10-13 21:47:47,21:47:47,บูรพาวิถี,ปกติ,0,0,0,0,เปลี่ยนช่องทางกระทันหัน
2020-10-13 15:37:37,15:37:37,บางพลี-สุขสวัสดิ์,ปกติ,0,0,0,0,สภาพแวดล้อม
2020-10-13 13:08:08,13:08:08,อุดรรัถยา,ปกติ,0,0,0,0,เพลิงไหม้
2020-10-12 23:25:25,23:25:25,บูรพาวิถี,ปกติ,0,0,0,0,ขับรถเร็วเกินไป
2020-10-12 19:40:40,19:40:40,ศรีรัช-วงแหวนรอบนอก,ปกติ,0,0,0,0,เปลี่ยนช่องทางกระทันหัน
2020-10-12 17:37:37,17:37:37,บางพลี-สุขสวัสดิ์,ปกติ,0,0,0,0,ขับรถเร็วเกินไป
2020-10-12 17:17:17,17:17:17,บูรพาวิถี,ปกติ,0,0,0,0,ขับรถเร็วเกินไป
2020-10-11 16:45:45,16:45:45,ศรีรัช,ปกติ,0,0,0,0,หลับใน
2020-10-11 12:26:26,12:26:26,ศรีรัช,ปกติ,0,0,0,0,เปลี่ยนช่องทางกระทันหัน
2020-10-11 01:45:45,01:45:45,เฉลิมมหานคร,ฝนตก,0,0,0,0,ขับรถเร็วเกินไป
2020-10-10 23:36:36,23:36:36,ศรีรัช,ปกติ,0,1,0,0,เปลี่ยนช่องทางกระทันหัน
2020-10-10 06:44:44,06:44:44,ศรีรัช,ปกติ,1,0,0,0,เปลี่ยนช่องทางกระทันหัน
2020-10-10 05:13:13,05:13:13,บูรพาวิถี,ปกติ,0,0,0,0,ขับรถเร็วเกินไป
2020-10-10 01:17:17,01:17:17,ศรีรัช,ปกติ,0,0,0,0,เปลี่ยนช่องทางกระทันหัน
2020-10-09 22:27:27,22:27:27,เฉลิมมหานคร,ปกติ,0,0,0,0,ขับรถเร็วเกินไป
2020-10-09 01:52:52,01:52:52,ศรีรัช,ฝนตก,1,0,0,0,เปลี่ยนช่องทางกระทันหัน
2020-10-08 20:56:56,20:56:56,บางพลี-สุขสวัสดิ์,ปกติ,0,0,0,0,เบรคกระทันหัน
2020-10-08 16:49:49,16:49:49,บูรพาวิถี,ปกติ,0,0,0,0,ขับรถเร็วเกินไป
2020-10-08 07:15:15,07:15:15,ศรีรัช,ปกติ,0,0,0,0,เปลี่ยนช่องทางกระทันหัน
2020-10-07 23:23:23,23:23:23,บูรพาวิถี,ปกติ,0,1,0,0,ขับรถเร็วเกินไป
2020-10-07 23:20:20,23:20:20,เฉลิมมหานคร,ปกติ,0,0,0,0,ขับรถเร็วเกินไป
2020-10-07 18:02:02,18:02:02,บูรพาวิถี,ปกติ,0,0,0,0,ขับรถเร็วเกินไป
2020-10-07 13:32:32,13:32:32,ทางหลวงพิเศษหมายเลข 37,ปกติ,0,0,0,0,ขับรถเร็วเกินไป
2020-10-06 14:47:47,14:47:47,ทางหลวงพิเศษหมายเลข 37,ปกติ,0,0,0,0,ฝ่าฝืนสัญญาณ/ป้ายจราจร
2020-10-06 14:25:25,14:25:25,บูรพาวิถี,ปกติ,0,0,0,0,เหยียบเบรคกระทันหัน
2020-10-06 14:05:05,14:05:05,อุดรรัถยา,ปกติ,0,0,0,0,เปลี่ยนช่องทางกระทันหัน
2020-10-06 09:30:30,09:30:30,ศรีรัช-วงแหวนรอบนอก,ปกติ,0,0,0,0,เปลี่ยนช่องทางกระทันหัน
2020-10-06 05:32:32,05:32:32,บางพลี-สุขสวัสดิ์,ปกติ,0,1,0,0,พลัดหลง
2020-10-04 21:48:48,21:48:48,ทางหลวงพิเศษหมายเลข 37,ปกติ,1,0,0,0,ขับรถเร็วเกินไป
2020-10-04 07:00:00,07:00:00,ฉลองรัช,ปกติ,1,0,0,0,สภาพแวดล้อม
2020-10-03 21:46:46,21:46:46,บูรพาวิถี,ปกติ,0,0,0,0,ขับรถเร็วเกินไป
2020-10-03 18:39:39,18:39:39,บางพลี-สุขสวัสดิ์,ปกติ,1,0,0,0,โรคประจำตัว
2020-10-03 14:09:09,14:09:09,อุดรรัถยา,ปกติ,0,0,0,0,เปลี่ยนช่องทางกระทันหัน
2020-10-03 13:14:14,13:14:14,บางพลี-สุขสวัสดิ์,ปกติ,0,0,0,0,เปลี่ยนช่องทางกระทันหัน
2020-10-03 08:01:01,08:01:01,บางพลี-สุขสวัสดิ์,ปกติ,0,0,0,0,กระจกแตก
2020-10-02 16:08:08,16:08:08,เฉลิมมหานคร,ปกติ,0,0,0,0,ขับรถเร็วเกินไป
2020-10-02 11:30:30,11:30:30,บูรพาวิถี,ปกติ,0,0,0,0,ล้อหลุด
2020-10-02 09:44:44,09:44:44,บางพลี-สุขสวัสดิ์,ปกติ,0,0,0,0,เบรคขัดข้อง
2020-10-02 09:24:24,09:24:24,บางพลี-สุขสวัสดิ์,ปกติ,0,1,0,0,ขับรถเร็วเกินไป
2020-10-02 08:19:19,08:19:19,อุดรรัถยา,ปกติ,0,0,0,0,เปลี่ยนช่องทางกระทันหัน
2020-10-02 08:19:19,08:19:19,บางพลี-สุขสวัสดิ์,ปกติ,0,0,0,0,เบรคกระทันหัน
2020-10-02 07:15:15,07:15:15,บูรพาวิถี,ปกติ,0,0,0,0,เพลิงไหม้
2020-10-02 01:50:50,01:50:50,เฉลิมมหานคร,ถนนเปียกลื่น,2,1,0,0,ใช้ความเร็วเข้าโค้ง
2020-10-02 00:50:50,00:50:50,ศรีรัช,ฝนตก,0,0,0,0,หลับใน
2020-10-01 16:40:40,16:40:40,ฉลองรัช,ปกติ,0,0,0,0,เปลี่ยนช่องทางกระทันหัน
2020-10-01 00:23:23,00:23:23,ฉลองรัช,ปกติ,0,0,0,0,ขับรถเร็วเกินไป
